run_id,epoch,train_loss,train_accuracy,test_loss,test_accuracy,optimizer,lr
0,0,1.3478114729633137,50.236,1.026463693380356,63.6,AdamW,0.0009999383162408303
0,1,0.9035894916373857,67.708,0.903365478515625,68.59,AdamW,0.0009997532801828658
0,2,0.7472549862399394,73.608,0.8639322429895401,70.93,AdamW,0.0009994449374809851
0,3,0.6457270456820118,77.312,0.6793443703651428,76.87,AdamW,0.0009990133642141358
0,4,0.5836045001538432,79.716,0.6681919595599175,76.99,AdamW,0.000998458666866564
0,5,0.5280191962208066,81.592,0.6707294675707817,77.19,AdamW,0.00099778098230154
0,6,0.48345017205087504,83.052,0.6439528825879097,78.66,AdamW,0.0009969804777275899
0,7,0.44926646686330135,84.356,0.6558821341395378,79.23,AdamW,0.000996057350657239
0,8,0.41264986946266524,85.732,0.578851792216301,81.19,AdamW,0.0009950118288582787
0,9,0.38255923895203336,86.798,0.4871615134179592,83.24,AdamW,0.0009938441702975688
0,10,0.3576307721740129,87.578,0.5127453672885894,83.5,AdamW,0.000992554663077387
0,11,0.33669519006293647,88.188,0.5502312296628952,83.5,AdamW,0.0009911436253643444
0,12,0.3133532777428627,89.044,0.46817644268274305,84.17,AdamW,0.0009896114053108828
0,13,0.2937432919077727,89.798,0.5066854764521121,84.21,AdamW,0.0009879583809693736
0,14,0.2782394813031566,90.252,0.4347673226892948,85.95,AdamW,0.0009861849601988382
0,15,0.26009068790138984,90.914,0.4491001597046852,85.95,AdamW,0.0009842915805643154
0,16,0.24475493095815182,91.518,0.43792312815785406,85.95,AdamW,0.000982278709228899
0,17,0.2327714610692798,91.84,0.5405737689137459,85.95,AdamW,0.0009801468428384714
0,18,0.21880910823083655,92.35,0.4490829771757126,85.95,AdamW,0.0009778965073991648
0,19,0.20357067696750164,92.936,0.5476350629329682,85.95,AdamW,0.0009755282581475766
0,20,0.1896745860196498,93.304,0.45207509011030195,86.4,AdamW,0.0009730426794137723
0,21,0.176112848809179,93.744,0.43887410923838616,86.6,AdamW,0.0009704403844771124
0,22,0.1677343179376758,94.212,0.4657178318500519,86.63,AdamW,0.0009677220154149334
0,23,0.16752887718683604,94.148,0.468558968603611,86.63,AdamW,0.0009648882429441253
0,24,0.15529622447353844,94.464,0.5040417045354844,86.63,AdamW,0.000961939766255643
0,25,0.14087045713498883,95.068,0.47390027284622194,86.63,AdamW,0.0009588773128419901
0,26,0.13949653775222143,95.032,0.45116741687059403,86.63,AdamW,0.0009557016383177221
0,27,0.13268645493579762,95.204,0.5111057929694652,86.63,AdamW,0.0009524135262330093
0,28,0.12759058586112698,95.57,0.5042063410580159,86.63,AdamW,0.0009490137878803073
0,29,0.11401150282472372,96.046,0.5050450706481934,87.07,AdamW,0.0009455032620941834
0,30,0.11422769069595605,95.826,0.5449401026964188,87.07,AdamW,0.0009418828150443463
0,31,0.10706405394843646,96.19,0.49714798882603645,87.07,AdamW,0.0009381533400219311
0,32,0.10320503306480086,96.37,0.5698907242715359,87.07,AdamW,0.0009343157572190951
0,33,0.1008206746940102,96.38,0.49047249406576154,87.07,AdamW,0.0009303710135019713
0,34,0.09007129988309984,96.802,0.4739354221522808,87.69,AdamW,0.0009263200821770456
0,35,0.08394393976777792,97.05,0.4885727186501026,87.69,AdamW,0.000922163962751007
0,36,0.08709885957365741,96.926,0.5107680350542069,87.69,AdamW,0.0009179036806841347
0,37,0.08058789241298729,97.234,0.5270067523419857,87.69,AdamW,0.0009135402871372803
0,38,0.07526754516138866,97.33,0.5057792040705681,87.69,AdamW,0.0009090748587125112
0,39,0.07869402911247951,97.268,0.5623911233246326,87.69,AdamW,0.0009045084971874732
0,40,0.07337690734931705,97.35,0.522212692797184,87.69,AdamW,0.0008998423292435448
0,41,0.06888191132540149,97.514,0.6004312837123871,87.69,AdamW,0.0008950775061878446
0,42,0.07043132053840222,97.588,0.5264575205743313,87.69,AdamW,0.0008902152036691643
0,43,0.06405016578429816,97.762,0.5116006517410279,87.79,AdamW,0.000885256621387894
0,44,0.06348146103816676,97.782,0.5162008440494538,88.27,AdamW,0.0008802029828000149
0,45,0.059791025810171754,97.85,0.5819149285554885,88.27,AdamW,0.0008750555348152292
0,46,0.0598746345102863,97.934,0.5452527530491352,88.27,AdamW,0.0008698155474893041
0,47,0.05839073063083449,97.928,0.5352747446298599,88.27,AdamW,0.0008644843137107051
0,48,0.055877207236706604,98.026,0.5800359399616718,88.27,AdamW,0.0008590631488815938
0,49,0.05454488238794919,98.094,0.5994207030534744,88.27,AdamW,0.0008535533905932731
0,50,0.05006891218185121,98.24,0.5527669516205788,88.27,AdamW,0.0008479563982961564
0,51,0.05517152674990345,98.07,0.5572362089157105,88.27,AdamW,0.0008422735529643437
0,52,0.04975436264363935,98.306,0.5745260681211949,88.27,AdamW,0.000836506256754886
0,53,0.04816835720510203,98.344,0.6003379607200623,88.27,AdamW,0.0008306559326618253
0,54,0.04823696161430253,98.258,0.5627218335866928,88.27,AdamW,0.0008247240241650912
0,55,0.04182247820842479,98.504,0.5430423028767108,88.27,AdamW,0.0008187119948743442
0,56,0.041929978745447814,98.476,0.5820342592149973,88.27,AdamW,0.000812621328167852
0,57,0.04116927765723204,98.5,0.5132930372655392,88.78,AdamW,0.0008064535268264877
0,58,0.04026205996431562,98.548,0.5345098078250885,88.78,AdamW,0.0008002101126629415
0,59,0.037999497928504586,98.692,0.5356014488637447,88.78,AdamW,0.000793892626146236
0,60,0.04017491420441098,98.608,0.5317967468500138,88.78,AdamW,0.0007875026260216388
0,61,0.03812912466451145,98.64,0.5383777253329753,88.78,AdamW,0.0007810416889260649
0,62,0.03935916331710712,98.594,0.5169866195321083,88.78,AdamW,0.0007745114089990654
0,63,0.038041885367271544,98.652,0.5334153422713279,88.78,AdamW,0.0007679133974894978
0,64,0.03442758234569385,98.816,0.5399381124973297,88.78,AdamW,0.0007612492823579739
0,65,0.033345953681938614,98.86,0.5242048905789852,88.82,AdamW,0.0007545207078751852
0,66,0.03103052968591718,98.924,0.5737199039757251,88.82,AdamW,0.0007477293342162034
0,67,0.03054857875781172,98.92,0.527953419238329,89.17,AdamW,0.0007408768370508571
0,68,0.028483799485280653,99.026,0.5535116070508956,89.17,AdamW,0.0007339649071302863
0,69,0.03167880046399957,98.896,0.5750541438162327,89.17,AdamW,0.0007269952498697729
0,70,0.027567068498572146,99.036,0.5568432612717151,89.17,AdamW,0.000719969584927957
0,71,0.028990898325288554,99.018,0.5741764232516289,89.17,AdamW,0.0007128896457825358
0,72,0.028297879707011184,99.082,0.5671969695389271,89.17,AdamW,0.0007057571793025539
0,73,0.027409500740314074,99.066,0.5720105735957622,89.17,AdamW,0.0006985739453173898
0,74,0.024643085433683376,99.112,0.6005878168344497,89.17,AdamW,0.0006913417161825444
0,75,0.031215482266686325,98.92,0.5404761072993278,89.17,AdamW,0.0006840622763423385
0,76,0.025035967633997718,99.122,0.5169962230324745,89.17,AdamW,0.000676737421889628
0,77,0.023047348246814644,99.22,0.5634110024571419,89.17,AdamW,0.0006693689601226452
0,78,0.022825023115432004,99.242,0.5779440560936928,89.17,AdamW,0.0006619587090990741
0,79,0.024130496824853957,99.156,0.6012877634167672,89.17,AdamW,0.0006545084971874731
0,80,0.025188391068380098,99.086,0.5423453765362501,89.17,AdamW,0.0006470201626161514
0,81,0.021660550669719447,99.228,0.5347544564306737,89.17,AdamW,0.0006394955530196142
0,82,0.022099800881863172,99.212,0.5901551570743322,89.17,AdamW,0.0006319365249826858
0,83,0.021178027607823665,99.27,0.5838304571062326,89.17,AdamW,0.0006243449435824268
0,84,0.018712669839650125,99.376,0.5884454740583897,89.17,AdamW,0.0006167226819279523
0,85,0.020151949431200758,99.292,0.589097630828619,89.17,AdamW,0.0006090716206982709
0,86,0.019055956859398177,99.332,0.5749503427743912,89.17,AdamW,0.0006013936476782558
0,87,0.018513720672653645,99.35,0.5872756169736385,89.17,AdamW,0.000593690657292862
0,88,0.0190928475070051,99.332,0.5840343198180199,89.47,AdamW,0.0005859645501397043
0,89,0.01624998666605335,99.432,0.5758053283393383,89.47,AdamW,0.000578217232520115
0,90,0.017489632186527382,99.422,0.5818402651697397,89.47,AdamW,0.000570450615968791
0,91,0.017810542823043556,99.366,0.5727999024093151,89.47,AdamW,0.0005626666167821518
0,92,0.013865524324352677,99.528,0.6063761442899704,89.47,AdamW,0.0005548671555455222
0,93,0.015612510357697123,99.44,0.5694097694754601,89.47,AdamW,0.0005470541566592567
0,94,0.016073839573845342,99.434,0.5976884897053242,89.47,AdamW,0.000539229547863922
0,95,0.01507140968080458,99.48,0.6446212580800057,89.47,AdamW,0.0005313952597646562
0,96,0.014466887442852436,99.532,0.6008252176642418,89.47,AdamW,0.0005235532253548208
0,97,0.014888894726398724,99.482,0.6032607918977737,89.47,AdamW,0.0005157053795390637
0,98,0.01214348212551511,99.574,0.5939071038365364,89.47,AdamW,0.0005078536586559099
0,99,0.01218514203697405,99.548,0.5863573655486107,89.47,AdamW,0.0004999999999999996
0,100,0.014015672367739691,99.526,0.6090004606544972,89.47,AdamW,0.0004921463413440893
0,101,0.01031195692396105,99.644,0.6109052440524101,89.47,AdamW,0.0004842946204609354
0,102,0.01212958671311178,99.576,0.6163178230822086,89.47,AdamW,0.00047644677464517824
0,103,0.014280951525469557,99.52,0.5920171020925045,89.47,AdamW,0.00046860474023534287
0,104,0.010972690204578946,99.64,0.6149825443327427,89.47,AdamW,0.00046077045213607716
0,105,0.011274928388474461,99.61,0.5901847550272942,89.47,AdamW,0.0004529458433407424
0,106,0.010796638544202231,99.64,0.5957047526538372,89.66,AdamW,0.000445132844454477
0,107,0.010893334852880798,99.618,0.5973126801848412,89.66,AdamW,0.0004373333832178475
0,108,0.009242838405823153,99.664,0.5997384870052338,89.66,AdamW,0.0004295493840312084
0,109,0.009875738976841937,99.654,0.6015923647582531,89.75,AdamW,0.0004217827674798842
0,110,0.007512497319335032,99.742,0.6163604427874089,89.75,AdamW,0.00041403544986029484
0,111,0.007384018513091307,99.752,0.6490995709598064,89.75,AdamW,0.0004063093427071374
0,112,0.01265372675504982,99.55,0.6053217326104641,89.75,AdamW,0.00039860635232174353
0,113,0.00974589423506642,99.67,0.6003985056281089,89.75,AdamW,0.0003909283793017286
0,114,0.0072647210493284676,99.744,0.6042676004767418,89.75,AdamW,0.000383277318072047
0,115,0.006404455979036913,99.774,0.6264720530807972,89.75,AdamW,0.00037565505641757235
0,116,0.007122502027005813,99.742,0.6203816233575344,89.75,AdamW,0.0003680634750173133
0,117,0.007393954916106126,99.756,0.6375182043015957,89.75,AdamW,0.00036050444698038515
0,118,0.008459638781478505,99.73,0.6631551766395569,89.75,AdamW,0.0003529798373838478
0,119,0.008312565764067492,99.682,0.6172190149128437,89.75,AdamW,0.0003454915028125262
0,120,0.007064999419674919,99.722,0.6108904366195201,89.75,AdamW,0.00033804129090092506
0,121,0.005629390156405045,99.81,0.6301664265990258,89.9,AdamW,0.0003306310398773541
0,122,0.007073584555636982,99.764,0.6267073906958103,90.05,AdamW,0.00032326257811037126
0,123,0.0056438686801347825,99.788,0.6200495009124279,90.05,AdamW,0.0003159377236576609
0,124,0.004862772666938883,99.848,0.6220457708835602,90.05,AdamW,0.000308658283817455
0,125,0.004723178582146514,99.848,0.6300717954337597,90.05,AdamW,0.0003014260546826094
0,126,0.004351434076592601,99.852,0.6312148328125476,90.05,AdamW,0.0002942428206974454
0,127,0.004955152150577472,99.834,0.6125106264650821,90.08,AdamW,0.00028711035421746345
0,128,0.004589831678709297,99.832,0.6204769057035446,90.15,AdamW,0.0002800304150720422
0,129,0.0043647936294551725,99.854,0.6455156879127025,90.15,AdamW,0.0002730047501302264
0,130,0.004397593632663246,99.852,0.6283767622709274,90.15,AdamW,0.0002660350928697132
0,131,0.0029987045585845146,99.904,0.6603970523178577,90.15,AdamW,0.0002591231629491421
0,132,0.004546637543937174,99.848,0.6443132562935352,90.15,AdamW,0.00025227066578379596
0,133,0.0036419178873074998,99.872,0.6392238059639931,90.15,AdamW,0.0002454792921248141
0,134,0.004210241596132507,99.874,0.6394478507339955,90.15,AdamW,0.00023875071764202534
0,135,0.003518175930886563,99.878,0.645021534115076,90.15,AdamW,0.0002320866025105013
0,136,0.00311902092193011,99.896,0.6545935875177383,90.15,AdamW,0.0002254885910009338
0,137,0.0035839531364755964,99.886,0.644432796984911,90.15,AdamW,0.0002189583110739344
0,138,0.0030677213565338335,99.914,0.6579451425373555,90.15,AdamW,0.00021249737397836048
0,139,0.002828689097280134,99.91,0.6496078276634216,90.15,AdamW,0.00020610737385376327
0,140,0.0034010147930381876,99.894,0.6379064810276032,90.15,AdamW,0.00019978988733705783
0,141,0.0029410351380833237,99.912,0.6508579987287522,90.15,AdamW,0.00019354647317351147
0,142,0.0030757163672577156,99.896,0.6496853470802307,90.15,AdamW,0.00018737867183214719
0,143,0.0029667944374096454,99.904,0.6407514357566834,90.15,AdamW,0.0001812880051256549
0,144,0.0025692844211260644,99.9,0.6374775555729866,90.15,AdamW,0.00017527597583490801
0,145,0.0022557714084717987,99.928,0.6287363643944264,90.34,AdamW,0.00016934406733817395
0,146,0.0020131492430979906,99.934,0.6420080207288266,90.34,AdamW,0.0001634937432451131
0,147,0.0022293577890195593,99.92,0.6413816642761231,90.34,AdamW,0.00015772644703565544
0,148,0.0016683156610306051,99.95,0.648763871639967,90.37,AdamW,0.00015204360170384266
0,149,0.0016841347067300524,99.942,0.6528475891053677,90.37,AdamW,0.0001464466094067261
0,150,0.002289863607241999,99.912,0.6716201792657376,90.37,AdamW,0.00014093685111840547
0,151,0.0017359793914460985,99.948,0.652537335306406,90.37,AdamW,0.00013551568628929414
0,152,0.0011678120988215003,99.958,0.663267442137003,90.37,AdamW,0.00013018445251069492
0,153,0.0015493313646393104,99.948,0.6557761412858963,90.37,AdamW,0.00012494446518477003
0,154,0.0012036785560017701,99.958,0.6534571860730648,90.37,AdamW,0.00011979701719998438
0,155,0.0011497939485127285,99.966,0.6505253838002681,90.37,AdamW,0.00011474337861210527
0,156,0.0013275751713795866,99.954,0.6494013732671737,90.37,AdamW,0.00010978479633083506
0,157,0.0012863311350967558,99.946,0.6630371798574924,90.38,AdamW,0.00010492249381215464
0,158,0.0010312323392498706,99.96,0.6712867960333824,90.38,AdamW,0.00010015767075645457
0,159,0.000895864470220083,99.966,0.6703196582198143,90.38,AdamW,9.549150281252619e-05
0,160,0.001011332566693046,99.962,0.6634417296946049,90.46,AdamW,9.092514128748822e-05
0,161,0.0009056991678808488,99.978,0.6748372830450535,90.46,AdamW,8.645971286271902e-05
0,162,0.0008468149663936144,99.976,0.6610201892256736,90.46,AdamW,8.209631931586485e-05
0,163,0.0006519666465938287,99.978,0.658677858710289,90.46,AdamW,7.783603724899246e-05
0,164,0.0005604611840182923,99.988,0.6641555964946747,90.5,AdamW,7.367991782295392e-05
0,165,0.0006387703412066949,99.976,0.6681256242096424,90.5,AdamW,6.962898649802802e-05
0,166,0.000476998531019296,99.986,0.6684995642304421,90.5,AdamW,6.568424278090424e-05
0,167,0.0008181758891637679,99.976,0.674160775989294,90.5,AdamW,6.184665997806812e-05
0,168,0.0004580914896093548,99.984,0.6784689824283123,90.5,AdamW,5.811718495565318e-05
0,169,0.0004594846765489912,99.988,0.6688226874172688,90.52,AdamW,5.449673790581603e-05
0,170,0.0004799927873443025,99.988,0.6797574929893017,90.52,AdamW,5.098621211969216e-05
0,171,0.000396714569865949,99.984,0.6764501322805881,90.52,AdamW,4.7586473766990253e-05
0,172,0.00029363210669845676,99.992,0.6776730568706989,90.52,AdamW,4.4298361682277405e-05
0,173,0.0007788623855168569,99.972,0.6786875830590725,90.52,AdamW,4.1122687158009486e-05
0,174,0.00041584593167480846,99.992,0.6736078900098801,90.52,AdamW,3.8060233744356686e-05
0,175,0.000515571603744625,99.984,0.6782021659612656,90.52,AdamW,3.511175705587427e-05
0,176,0.0003263652719448257,99.988,0.6763391378521919,90.52,AdamW,3.2277984585066264e-05
0,177,0.0004818406891145895,99.986,0.6715184742212296,90.52,AdamW,2.955961552288723e-05
0,178,0.00032915705594753177,99.99,0.6781583376228809,90.52,AdamW,2.6957320586227313e-05
0,179,0.0002652882532209574,99.994,0.673355910629034,90.52,AdamW,2.44717418524232e-05
0,180,0.00028331567733615935,99.994,0.6765334774553776,90.52,AdamW,2.210349260083491e-05
0,181,0.000287045345832054,99.99,0.6734064882993698,90.52,AdamW,1.9853157161528496e-05
0,182,0.0002630920613908028,99.992,0.6772120301425457,90.52,AdamW,1.7721290771100992e-05
0,183,0.00021582041258787804,99.998,0.6755563126504421,90.52,AdamW,1.5708419435684497e-05
0,184,0.0004520038211518224,99.986,0.670815487653017,90.59,AdamW,1.3815039801161704e-05
0,185,0.00019916822883290627,99.996,0.6707407686114312,90.59,AdamW,1.2041619030626323e-05
0,186,0.00025230896852770175,99.996,0.67355673417449,90.59,AdamW,1.0388594689117057e-05
0,187,0.00026645570830898847,99.994,0.673913121521473,90.59,AdamW,8.856374635655629e-06
0,188,0.00027642889405941245,99.99,0.6745433108508587,90.59,AdamW,7.445336922613057e-06
0,189,0.00020155127073886265,99.992,0.6728757928311825,90.59,AdamW,6.155829702431163e-06
0,190,0.0003819286692071134,99.99,0.6723029410839081,90.6,AdamW,4.988171141721226e-06
0,191,0.0002718346474645902,99.99,0.6736129039525985,90.6,AdamW,3.942649342761113e-06
0,192,0.00027096172125218765,99.996,0.6762408781051635,90.6,AdamW,3.0195222724101985e-06
0,193,0.00013410332382117842,100.0,0.6727733393013478,90.6,AdamW,2.219017698459999e-06
0,194,0.0001731973404440507,99.996,0.6717161972820759,90.62,AdamW,1.5413331334360161e-06
0,195,0.00019923185174418125,99.994,0.673044840246439,90.62,AdamW,9.866357858642194e-07
0,196,0.00022378433540121032,99.994,0.6734395349025726,90.62,AdamW,5.550625190150475e-07
0,197,0.00018628766174306663,99.996,0.6724029310047627,90.62,AdamW,2.4671981713419966e-07
0,198,0.0001556369192036416,99.998,0.6729526998102665,90.62,AdamW,6.168375916970607e-08
0,199,0.00011571724938416342,99.998,0.6733224695920944,90.65,AdamW,0.0
1,0,1.3295371404715948,51.182,1.0128355449438096,63.9,AdamW,0.0009999383162408303
1,1,0.8895055523940495,68.376,0.8415381544828415,70.74,AdamW,0.0009997532801828658
1,2,0.7291611548589201,74.306,0.830656920671463,72.6,AdamW,0.0009994449374809851
1,3,0.6405400378363473,77.604,0.6638065195083618,76.96,AdamW,0.0009990133642141358
1,4,0.5715302666839288,80.022,0.6228801986575127,79.03,AdamW,0.000998458666866564
1,5,0.5170368942983297,82.064,0.5998103728890419,80.08,AdamW,0.00099778098230154
1,6,0.4734635803164268,83.59,0.5340287205576897,81.95,AdamW,0.0009969804777275899
1,7,0.42805514226154406,85.134,0.5038704574108124,83.37,AdamW,0.000996057350657239
1,8,0.40138712662215137,86.156,0.5001047286391258,83.37,AdamW,0.0009950118288582787
1,9,0.3749925648527486,86.952,0.5365757229924202,83.37,AdamW,0.0009938441702975688
1,10,0.346806531657978,87.934,0.5068188932538032,83.37,AdamW,0.000992554663077387
1,11,0.32621997868528174,88.568,0.49505407333374024,83.91,AdamW,0.0009911436253643444
1,12,0.3037098255008459,89.404,0.44805440321564677,85.07,AdamW,0.0009896114053108828
1,13,0.2865836886422975,89.948,0.5013312870264053,85.07,AdamW,0.0009879583809693736
1,14,0.2712236311362714,90.472,0.46800963684916497,85.07,AdamW,0.0009861849601988382
1,15,0.2588606891887529,91.038,0.5298845690488815,85.07,AdamW,0.0009842915805643154
1,16,0.24031789695882066,91.52,0.43291903272271154,86.43,AdamW,0.000982278709228899
1,17,0.22372664556819566,92.294,0.4614618444442749,86.43,AdamW,0.0009801468428384714
1,18,0.21517966786513523,92.37,0.43430172502994535,86.43,AdamW,0.0009778965073991648
1,19,0.19522355785783457,93.242,0.45110958367586135,86.43,AdamW,0.0009755282581475766
1,20,0.18434115048802022,93.472,0.5144930474460125,86.43,AdamW,0.0009730426794137723
1,21,0.1781863109493742,93.794,0.4819936941564083,86.43,AdamW,0.0009704403844771124
1,22,0.16260819498221485,94.264,0.48604197397828103,86.43,AdamW,0.0009677220154149334
1,23,0.15699605123919189,94.594,0.5039026515185833,86.43,AdamW,0.0009648882429441253
1,24,0.1550992375277743,94.61,0.49210782766342165,86.43,AdamW,0.000961939766255643
1,25,0.14025605502253286,95.094,0.515276442617178,86.43,AdamW,0.0009588773128419901
1,26,0.13604452373573975,95.226,0.50046850040555,86.45,AdamW,0.0009557016383177221
1,27,0.12769069501712005,95.506,0.5186961106956005,86.45,AdamW,0.0009524135262330093
1,28,0.12188599317581678,95.674,0.48033403620123866,87.2,AdamW,0.0009490137878803073
1,29,0.11428166855582778,95.942,0.5365886276960373,87.2,AdamW,0.0009455032620941834
1,30,0.11580550742848796,95.932,0.5108431276679039,87.2,AdamW,0.0009418828150443463
1,31,0.10295986099054619,96.308,0.5310009472072125,87.2,AdamW,0.0009381533400219311
1,32,0.10279267107383633,96.372,0.5191282734274865,87.2,AdamW,0.0009343157572190951
1,33,0.08938232749434454,96.892,0.516700096130371,87.2,AdamW,0.0009303710135019713
1,34,0.09207906462822338,96.758,0.5176918585598469,87.48,AdamW,0.0009263200821770456
1,35,0.08758780123589903,96.926,0.5525713910162449,87.48,AdamW,0.000922163962751007
1,36,0.0814785915236844,97.014,0.5639995786547661,87.48,AdamW,0.0009179036806841347
1,37,0.07996324606581914,97.248,0.5474865408241749,87.48,AdamW,0.0009135402871372803
1,38,0.07714658878667623,97.318,0.5192057821154594,87.5,AdamW,0.0009090748587125112
1,39,0.07248208858072758,97.474,0.5390775752067566,87.5,AdamW,0.0009045084971874732
1,40,0.07503609849634219,97.382,0.5241990354657173,87.5,AdamW,0.0008998423292435448
1,41,0.06935073238588413,97.544,0.5381506539881229,87.83,AdamW,0.0008950775061878446
1,42,0.06739044413730806,97.646,0.5265179932117462,87.83,AdamW,0.0008902152036691643
1,43,0.06454406084720882,97.702,0.542967429459095,87.83,AdamW,0.000885256621387894
1,44,0.06634380446024696,97.716,0.5828867183625698,87.83,AdamW,0.0008802029828000149
1,45,0.058865336411423524,97.912,0.5228559089452028,87.87,AdamW,0.0008750555348152292
1,46,0.05781216970739924,97.99,0.5224927157908678,88.28,AdamW,0.0008698155474893041
1,47,0.057600683071745595,97.972,0.5426887907832861,88.28,AdamW,0.0008644843137107051
1,48,0.05301796226543659,98.152,0.5752723342180253,88.28,AdamW,0.0008590631488815938
1,49,0.05521895922245268,98.044,0.5371101114153862,88.28,AdamW,0.0008535533905932731
1,50,0.05302427879092759,98.124,0.5446413866430521,88.28,AdamW,0.0008479563982961564
1,51,0.05241209733280904,98.152,0.5924531248211861,88.28,AdamW,0.0008422735529643437
1,52,0.04549286459401554,98.45,0.6390957698225975,88.28,AdamW,0.000836506256754886
1,53,0.04788944683969021,98.34,0.5758787399530411,88.28,AdamW,0.0008306559326618253
1,54,0.043700687523113985,98.48,0.6186874940991401,88.28,AdamW,0.0008247240241650912
1,55,0.047554038056381503,98.33,0.5481436321139336,88.28,AdamW,0.0008187119948743442
1,56,0.04373841081170973,98.512,0.6233479881286621,88.28,AdamW,0.000812621328167852
1,57,0.045846177298309546,98.374,0.569078361839056,88.28,AdamW,0.0008064535268264877
1,58,0.043258560220330804,98.52,0.5998499567806721,88.28,AdamW,0.0008002101126629415
1,59,0.041689751363283366,98.55,0.5392526261508465,88.53,AdamW,0.000793892626146236
1,60,0.03608734071330757,98.77,0.5704344952106476,88.53,AdamW,0.0007875026260216388
1,61,0.03684463788166034,98.718,0.5489303231239319,88.53,AdamW,0.0007810416889260649
1,62,0.034741070776065926,98.754,0.5687831480801105,88.6,AdamW,0.0007745114089990654
1,63,0.03626080539685731,98.748,0.5528623500466346,88.6,AdamW,0.0007679133974894978
1,64,0.03635698028517013,98.72,0.5600514842569828,88.6,AdamW,0.0007612492823579739
1,65,0.034792724155763885,98.754,0.5639442972838878,88.6,AdamW,0.0007545207078751852
1,66,0.03099545961654536,98.868,0.5640046943724155,88.6,AdamW,0.0007477293342162034
1,67,0.03138804248990301,98.872,0.6046786731481553,88.6,AdamW,0.0007408768370508571
1,68,0.03212290167290603,98.888,0.5983501006662846,88.6,AdamW,0.0007339649071302863
1,69,0.028544199925001557,98.938,0.601653078943491,88.6,AdamW,0.0007269952498697729
1,70,0.02644280728180798,99.106,0.5752052894234657,88.6,AdamW,0.000719969584927957
1,71,0.02876880278511505,98.992,0.557857202887535,88.75,AdamW,0.0007128896457825358
1,72,0.029218229428064364,98.998,0.5608522398769855,89.03,AdamW,0.0007057571793025539
1,73,0.029534138442131177,98.972,0.5510311457514763,89.03,AdamW,0.0006985739453173898
1,74,0.025879152722618714,99.1,0.550683611780405,89.03,AdamW,0.0006913417161825444
1,75,0.024952806620288412,99.158,0.5626351214945317,89.03,AdamW,0.0006840622763423385
1,76,0.024324862001349732,99.148,0.5704391586780548,89.03,AdamW,0.000676737421889628
1,77,0.021698758017975002,99.222,0.5876911240816116,89.03,AdamW,0.0006693689601226452
1,78,0.02283795816557748,99.198,0.6029700401425362,89.03,AdamW,0.0006619587090990741
1,79,0.02444351708002113,99.168,0.6026266433298588,89.03,AdamW,0.0006545084971874731
1,80,0.023097204088413974,99.202,0.5941691821813584,89.03,AdamW,0.0006470201626161514
1,81,0.023191308481523728,99.192,0.6118555442988872,89.03,AdamW,0.0006394955530196142
1,82,0.022865176662964254,99.172,0.5575413557887078,89.16,AdamW,0.0006319365249826858
1,83,0.01958830368572048,99.326,0.5895770487189292,89.16,AdamW,0.0006243449435824268
1,84,0.018901503129627042,99.348,0.597653408497572,89.16,AdamW,0.0006167226819279523
1,85,0.01879388330966396,99.382,0.5875328527390957,89.16,AdamW,0.0006090716206982709
1,86,0.019389220915956906,99.318,0.595839356482029,89.16,AdamW,0.0006013936476782558
1,87,0.020625206543701674,99.278,0.5787547239661217,89.35,AdamW,0.000593690657292862
1,88,0.01734791594505196,99.428,0.592412772923708,89.35,AdamW,0.0005859645501397043
1,89,0.016757898924192795,99.394,0.6029891562461853,89.35,AdamW,0.000578217232520115
1,90,0.01731796038119664,99.434,0.5984964405000209,89.35,AdamW,0.000570450615968791
1,91,0.01772305083298362,99.392,0.607464919835329,89.35,AdamW,0.0005626666167821518
1,92,0.015677422279734354,99.418,0.6035437068343162,89.35,AdamW,0.0005548671555455222
1,93,0.015499576192399087,99.438,0.6089529395103455,89.35,AdamW,0.0005470541566592567
1,94,0.015842793613900334,99.424,0.6007144594192505,89.35,AdamW,0.000539229547863922
1,95,0.016114998037739164,99.442,0.6304597982764244,89.35,AdamW,0.0005313952597646562
1,96,0.01307347575434227,99.526,0.6184023071825504,89.39,AdamW,0.0005235532253548208
1,97,0.014426895325358397,99.51,0.5906021773815155,89.45,AdamW,0.0005157053795390637
1,98,0.013602864050973986,99.56,0.5749130566418171,89.59,AdamW,0.0005078536586559099
1,99,0.012614233543435872,99.558,0.6210284140706063,89.59,AdamW,0.0004999999999999996
1,100,0.010554459531778441,99.612,0.6141354698687792,89.59,AdamW,0.0004921463413440893
1,101,0.013521477689952304,99.534,0.6070093730092049,89.59,AdamW,0.0004842946204609354
1,102,0.009542360028123711,99.688,0.6283266608417034,89.59,AdamW,0.00047644677464517824
1,103,0.011539002107717668,99.608,0.616345106959343,89.72,AdamW,0.00046860474023534287
1,104,0.010186229526880197,99.646,0.6277049659192562,89.72,AdamW,0.00046077045213607716
1,105,0.011619998183106167,99.562,0.6241613967716694,89.72,AdamW,0.0004529458433407424
1,106,0.011409310918902427,99.602,0.6073565796762704,89.72,AdamW,0.000445132844454477
1,107,0.011333957267271792,99.594,0.6373413668572903,89.72,AdamW,0.0004373333832178475
1,108,0.01107565267306181,99.63,0.6095004081726074,89.72,AdamW,0.0004295493840312084
1,109,0.008901072879910186,99.694,0.6564967779070139,89.72,AdamW,0.0004217827674798842
1,110,0.008330132743659695,99.704,0.6468982742726803,89.72,AdamW,0.00041403544986029484
1,111,0.00949097439846884,99.666,0.6273324093222619,89.72,AdamW,0.0004063093427071374
1,112,0.008921365330396077,99.702,0.6376807191967964,89.72,AdamW,0.00039860635232174353
1,113,0.007236356991764909,99.73,0.6333467896282673,89.72,AdamW,0.0003909283793017286
1,114,0.008072487721861131,99.726,0.6535377277433873,89.72,AdamW,0.000383277318072047
1,115,0.007920957770990326,99.75,0.6227354183793068,89.8,AdamW,0.00037565505641757235
1,116,0.00505578068994658,99.816,0.6443602977693081,89.9,AdamW,0.0003680634750173133
1,117,0.007569390237352179,99.712,0.6687710365653038,89.9,AdamW,0.00036050444698038515
1,118,0.006428277503986539,99.766,0.676751621067524,89.9,AdamW,0.0003529798373838478
1,119,0.007693689620486557,99.744,0.6503116098046303,89.9,AdamW,0.0003454915028125262
1,120,0.00621153448730406,99.79,0.6266857892274856,90.15,AdamW,0.00033804129090092506
1,121,0.005909236397572534,99.818,0.6395461784303188,90.15,AdamW,0.0003306310398773541
1,122,0.005572171163071382,99.802,0.643493438065052,90.15,AdamW,0.00032326257811037126
1,123,0.006802370483697183,99.762,0.6445856130123139,90.15,AdamW,0.0003159377236576609
1,124,0.007076164568815682,99.746,0.6280905964970589,90.15,AdamW,0.000308658283817455
1,125,0.004740814889596457,99.836,0.6588912980258465,90.15,AdamW,0.0003014260546826094
1,126,0.003812869290098262,99.86,0.6353171810507774,90.16,AdamW,0.0002942428206974454
1,127,0.005308012536892308,99.812,0.6554515102505684,90.16,AdamW,0.00028711035421746345
1,128,0.004222775266665552,99.856,0.663713693022728,90.16,AdamW,0.0002800304150720422
1,129,0.004437138962221442,99.852,0.6554688161611557,90.16,AdamW,0.0002730047501302264
1,130,0.004053123732607061,99.858,0.659689557403326,90.16,AdamW,0.0002660350928697132
1,131,0.004000309031857332,99.856,0.6584680944681167,90.16,AdamW,0.0002591231629491421
1,132,0.004451720924519076,99.856,0.6759216263890266,90.16,AdamW,0.00025227066578379596
1,133,0.0040500377771033,99.856,0.6538740229606629,90.33,AdamW,0.0002454792921248141
1,134,0.004014952493084634,99.862,0.6745863515138626,90.33,AdamW,0.00023875071764202534
1,135,0.004786538292118704,99.832,0.6756503756344319,90.33,AdamW,0.0002320866025105013
1,136,0.00353937722404077,99.88,0.6575665479898453,90.33,AdamW,0.0002254885910009338
1,137,0.0038891417894328885,99.848,0.6499525421857834,90.33,AdamW,0.0002189583110739344
1,138,0.0027695939728550447,99.906,0.6686440446972847,90.33,AdamW,0.00021249737397836048
1,139,0.0029015364654641214,99.898,0.6639671482145786,90.33,AdamW,0.00020610737385376327
1,140,0.002677792543868329,99.896,0.650530553162098,90.33,AdamW,0.00019978988733705783
1,141,0.002259825842271794,99.936,0.6653210863471031,90.33,AdamW,0.00019354647317351147
1,142,0.002498413096353553,99.922,0.679252958446741,90.33,AdamW,0.00018737867183214719
1,143,0.001772238578315428,99.938,0.6570468889176846,90.33,AdamW,0.0001812880051256549
1,144,0.002109295956712713,99.93,0.6668681953847408,90.33,AdamW,0.00017527597583490801
1,145,0.0017861853612787723,99.95,0.6592333297431469,90.33,AdamW,0.00016934406733817395
1,146,0.001298483143505202,99.962,0.6657528184354305,90.33,AdamW,0.0001634937432451131
1,147,0.0019217710276149904,99.934,0.6787856939435005,90.33,AdamW,0.00015772644703565544
1,148,0.002114178288147927,99.918,0.6779295761883258,90.33,AdamW,0.00015204360170384266
1,149,0.001944412935268256,99.938,0.6773778599500656,90.33,AdamW,0.0001464466094067261
1,150,0.0019001386125247727,99.922,0.666556622684002,90.33,AdamW,0.00014093685111840547
1,151,0.0013222117478112036,99.944,0.6798535244166851,90.33,AdamW,0.00013551568628929414
1,152,0.0013323987149919726,99.96,0.6849439880251884,90.33,AdamW,0.00013018445251069492
1,153,0.0014409968232943198,99.942,0.6850077484548092,90.33,AdamW,0.00012494446518477003
1,154,0.0013216084930811158,99.962,0.6851608748733997,90.33,AdamW,0.00011979701719998438
1,155,0.0010956959011318944,99.966,0.6922699429094792,90.34,AdamW,0.00011474337861210527
1,156,0.0010679765839447972,99.956,0.6929666694998741,90.56,AdamW,0.00010978479633083506
1,157,0.0010288712796052227,99.97,0.6862217934429645,90.56,AdamW,0.00010492249381215464
1,158,0.001230041344918075,99.956,0.6798585726320744,90.56,AdamW,0.00010015767075645457
1,159,0.0009426372469171875,99.968,0.6876197443902492,90.59,AdamW,9.549150281252619e-05
1,160,0.0012725408237433933,99.964,0.68691840082407,90.59,AdamW,9.092514128748822e-05
1,161,0.0007672392522443502,99.978,0.6900777228176593,90.64,AdamW,8.645971286271902e-05
1,162,0.0011789938654304451,99.952,0.6876599033176899,90.64,AdamW,8.209631931586485e-05
1,163,0.0008216744232385633,99.978,0.692480259090662,90.64,AdamW,7.783603724899246e-05
1,164,0.0009914986568933923,99.97,0.6915410120785236,90.64,AdamW,7.367991782295392e-05
1,165,0.001212790024737842,99.964,0.6794611401855946,90.75,AdamW,6.962898649802802e-05
1,166,0.0007234687093572649,99.976,0.68457858517766,90.75,AdamW,6.568424278090424e-05
1,167,0.0005574720667329196,99.984,0.688482685238123,90.75,AdamW,6.184665997806812e-05
1,168,0.0007762248489658601,99.98,0.6916279108822345,90.75,AdamW,5.811718495565318e-05
1,169,0.0006854053427346394,99.98,0.6873441126942634,90.81,AdamW,5.449673790581603e-05
1,170,0.0005694654709697555,99.986,0.691273877620697,90.81,AdamW,5.098621211969216e-05
1,171,0.0004944210135165019,99.984,0.6924965132772922,90.81,AdamW,4.7586473766990253e-05
1,172,0.0003767167770895551,99.992,0.6894879548251629,90.81,AdamW,4.4298361682277405e-05
1,173,0.0006521982178835735,99.978,0.686282601505518,90.81,AdamW,4.1122687158009486e-05
1,174,0.00040539430973722675,99.986,0.6889983829855919,90.81,AdamW,3.8060233744356686e-05
1,175,0.00043092589753518487,99.984,0.6870929183065891,90.81,AdamW,3.511175705587427e-05
1,176,0.00061464509378905,99.972,0.6889984929561614,90.81,AdamW,3.2277984585066264e-05
1,177,0.0004582541483795448,99.984,0.6878366783261299,90.81,AdamW,2.955961552288723e-05
1,178,0.0005841563858518143,99.984,0.6887342154979705,90.81,AdamW,2.6957320586227313e-05
1,179,0.0003523262111582658,99.984,0.6908251179754734,90.81,AdamW,2.44717418524232e-05
1,180,0.00039274307292841085,99.982,0.6917253586649895,90.81,AdamW,2.210349260083491e-05
1,181,0.0003835683759942241,99.994,0.690957266241312,90.81,AdamW,1.9853157161528496e-05
1,182,0.0002516850754928708,99.996,0.6925315001606941,90.81,AdamW,1.7721290771100992e-05
1,183,0.00030506999341668587,99.992,0.6923256932199001,90.81,AdamW,1.5708419435684497e-05
1,184,0.00025236397105540424,99.994,0.6934590914845467,90.81,AdamW,1.3815039801161704e-05
1,185,0.00039091233573377134,99.988,0.6910223433375359,90.81,AdamW,1.2041619030626323e-05
1,186,0.00027991442597020033,99.992,0.6895430175960064,90.81,AdamW,1.0388594689117057e-05
1,187,0.000232940203876315,99.994,0.6877548252046108,90.81,AdamW,8.856374635655629e-06
1,188,0.00017009430865233316,99.998,0.6882856591045856,90.81,AdamW,7.445336922613057e-06
1,189,0.0004372271501177247,99.986,0.6877128057181835,90.81,AdamW,6.155829702431163e-06
1,190,0.00024909760641813423,99.99,0.68599615752697,90.81,AdamW,4.988171141721226e-06
1,191,0.0002534992803017461,99.992,0.6890890064835549,90.81,AdamW,3.942649342761113e-06
1,192,0.00019041945380109256,99.994,0.6890556018054486,90.81,AdamW,3.0195222724101985e-06
1,193,0.00027321513596930623,99.99,0.6871510379016399,90.81,AdamW,2.219017698459999e-06
1,194,0.00018121662078057426,99.996,0.6855304005742073,90.81,AdamW,1.5413331334360161e-06
1,195,0.00019213459275744884,99.998,0.6877740389108657,90.81,AdamW,9.866357858642194e-07
1,196,0.0002911567641365657,99.99,0.6867868843674659,90.81,AdamW,5.550625190150475e-07
1,197,0.00031041911416031215,99.99,0.686674867272377,90.81,AdamW,2.4671981713419966e-07
1,198,0.00030889544880280054,99.988,0.6873460765182972,90.81,AdamW,6.168375916970607e-08
1,199,0.0002793072603688123,99.99,0.6895812286436558,90.81,AdamW,0.0
2,0,1.3448903159219392,50.34,1.119706200361252,61.64,AdamW,0.0009999383162408303
2,1,0.9168025525856991,67.288,0.897924325466156,69.08,AdamW,0.0009997532801828658
2,2,0.7393961469737851,74.106,0.8723513805866241,70.46,AdamW,0.0009994449374809851
2,3,0.6459000563743164,77.548,0.7502528262138367,75.01,AdamW,0.0009990133642141358
2,4,0.5797738220010485,79.902,0.6495250722765923,77.94,AdamW,0.000998458666866564
2,5,0.5273433282059066,81.626,0.5881836891174317,79.73,AdamW,0.00099778098230154
2,6,0.4750992826053074,83.624,0.5109208811819553,82.7,AdamW,0.0009969804777275899
2,7,0.4431462880908226,84.636,0.5250962364673615,82.7,AdamW,0.000996057350657239
2,8,0.40620337449470345,85.884,0.5259876845777035,82.7,AdamW,0.0009950118288582787
2,9,0.3761046134239557,86.886,0.5285847207903862,82.72,AdamW,0.0009938441702975688
2,10,0.35127949555005344,87.786,0.4924187523126602,83.75,AdamW,0.000992554663077387
2,11,0.3310495615005493,88.546,0.5268945606052875,83.75,AdamW,0.0009911436253643444
2,12,0.31254430495354596,89.07,0.4833992563188076,83.86,AdamW,0.0009896114053108828
2,13,0.28826371337078055,89.95,0.49165648490190506,83.95,AdamW,0.0009879583809693736
2,14,0.27060189459244816,90.622,0.47982689216732977,84.24,AdamW,0.0009861849601988382
2,15,0.2553854630309708,91.076,0.4414222392439842,85.92,AdamW,0.0009842915805643154
2,16,0.23458309182707143,91.786,0.44896871864795684,85.92,AdamW,0.000982278709228899
2,17,0.22608325881313304,92.144,0.4753641878068447,85.92,AdamW,0.0009801468428384714
2,18,0.2128818097847457,92.64,0.5203965030610561,85.92,AdamW,0.0009778965073991648
2,19,0.203828987456402,92.888,0.4452629716694355,86.37,AdamW,0.0009755282581475766
2,20,0.1879102358860629,93.34,0.5051011419296265,86.37,AdamW,0.0009730426794137723
2,21,0.1813585758779426,93.616,0.4984729892015457,86.37,AdamW,0.0009704403844771124
2,22,0.17239736898669175,93.974,0.4968897441029549,86.37,AdamW,0.0009677220154149334
2,23,0.16291524979228877,94.392,0.5366029098629952,86.37,AdamW,0.0009648882429441253
2,24,0.14951068296914502,94.738,0.4966490036249161,86.43,AdamW,0.000961939766255643
2,25,0.14346596180480353,94.892,0.5646621219813823,86.43,AdamW,0.0009588773128419901
2,26,0.13227584413537868,95.344,0.5205331094563007,86.43,AdamW,0.0009557016383177221
2,27,0.12640783063383126,95.606,0.5037737901508809,86.57,AdamW,0.0009524135262330093
2,28,0.12368809061162934,95.63,0.4550435258448124,87.93,AdamW,0.0009490137878803073
2,29,0.1168256762000371,95.848,0.47677858456969263,87.93,AdamW,0.0009455032620941834
2,30,0.10816220724385003,96.206,0.49472671911120414,87.93,AdamW,0.0009418828150443463
2,31,0.1036883846343476,96.37,0.48806783139705656,87.93,AdamW,0.0009381533400219311
2,32,0.10752392470912665,96.222,0.553289293795824,87.93,AdamW,0.0009343157572190951
2,33,0.09598535072410061,96.662,0.5562472181022167,87.93,AdamW,0.0009303710135019713
2,34,0.09505080610361634,96.606,0.5395954221487045,87.93,AdamW,0.0009263200821770456
2,35,0.09142892807722092,96.738,0.5550394709408283,87.93,AdamW,0.000922163962751007
2,36,0.08530241210127668,96.916,0.5497916395962238,87.93,AdamW,0.0009179036806841347
2,37,0.07941974857251863,97.188,0.5660763321816922,87.93,AdamW,0.0009135402871372803
2,38,0.0759766314235725,97.36,0.5408127757906914,87.93,AdamW,0.0009090748587125112
2,39,0.07401026434702229,97.41,0.5123168624937534,87.93,AdamW,0.0009045084971874732
2,40,0.06883558993018707,97.58,0.5430823111534119,87.93,AdamW,0.0008998423292435448
2,41,0.06442046702402282,97.706,0.6003155717253685,87.93,AdamW,0.0008950775061878446
2,42,0.07007198486648196,97.526,0.5514820311963559,87.93,AdamW,0.0008902152036691643
2,43,0.0657043591217727,97.718,0.6040780818462372,87.93,AdamW,0.000885256621387894
2,44,0.06493960192655118,97.666,0.5371611170470715,87.93,AdamW,0.0008802029828000149
2,45,0.05591625542075811,98.082,0.5483847287297249,87.93,AdamW,0.0008750555348152292
2,46,0.06314404086418907,97.776,0.5370354977995158,87.93,AdamW,0.0008698155474893041
2,47,0.05665541085775713,98.114,0.5539448104798794,88.27,AdamW,0.0008644843137107051
2,48,0.05789691861956475,98.006,0.591260551661253,88.27,AdamW,0.0008590631488815938
2,49,0.0539659200454777,98.064,0.529949097931385,88.27,AdamW,0.0008535533905932731
2,50,0.05313067727399116,98.088,0.6158001135289669,88.27,AdamW,0.0008479563982961564
2,51,0.051784710735272695,98.154,0.6057817158102989,88.27,AdamW,0.0008422735529643437
2,52,0.051767164603712,98.118,0.6005057050287723,88.27,AdamW,0.000836506256754886
2,53,0.0474725459768836,98.318,0.607755782008171,88.27,AdamW,0.0008306559326618253
2,54,0.04414209680232618,98.358,0.6159856374561786,88.27,AdamW,0.0008247240241650912
2,55,0.04342043532144126,98.498,0.5969581852853298,88.27,AdamW,0.0008187119948743442
2,56,0.03899778868546899,98.634,0.5638188692927361,88.4,AdamW,0.000812621328167852
2,57,0.042801875050882905,98.536,0.5542123655974865,88.4,AdamW,0.0008064535268264877
2,58,0.04392104287042606,98.472,0.524742071479559,88.43,AdamW,0.0008002101126629415
2,59,0.038647186355570295,98.6,0.5938507489860058,88.43,AdamW,0.000793892626146236
2,60,0.03776829821955679,98.646,0.623100402355194,88.43,AdamW,0.0007875026260216388
2,61,0.03918160733526896,98.65,0.5735403500497341,88.43,AdamW,0.0007810416889260649
2,62,0.03543718415074887,98.77,0.571115340590477,88.43,AdamW,0.0007745114089990654
2,63,0.034375011383399025,98.758,0.5565710932016372,88.64,AdamW,0.0007679133974894978
2,64,0.032785015910084606,98.86,0.5396979250013828,88.64,AdamW,0.0007612492823579739
2,65,0.03293356635222896,98.836,0.5848442271351815,88.64,AdamW,0.0007545207078751852
2,66,0.031637115396882354,98.888,0.5607753929495811,88.64,AdamW,0.0007477293342162034
2,67,0.030132149119281724,98.908,0.5661778400838375,88.81,AdamW,0.0007408768370508571
2,68,0.03178607592150113,98.86,0.5705819538235665,88.81,AdamW,0.0007339649071302863
2,69,0.029660720407858263,98.982,0.5612321582436561,88.88,AdamW,0.0007269952498697729
2,70,0.029308504877583484,98.974,0.5944768919050694,88.88,AdamW,0.000719969584927957
2,71,0.030579562738480767,98.942,0.5610521440207958,88.88,AdamW,0.0007128896457825358
2,72,0.02930077881913404,98.982,0.5950040014088154,88.88,AdamW,0.0007057571793025539
2,73,0.025785032862901916,99.056,0.5611232762038708,88.98,AdamW,0.0006985739453173898
2,74,0.026313504695949355,99.062,0.5835429836809635,88.98,AdamW,0.0006913417161825444
2,75,0.02740274374646477,99.068,0.5920810855925083,88.98,AdamW,0.0006840622763423385
2,76,0.02470706236235113,99.144,0.5706539872288704,89.41,AdamW,0.000676737421889628
2,77,0.02287211625870051,99.19,0.6138732476532459,89.41,AdamW,0.0006693689601226452
2,78,0.0242580045133411,99.158,0.583021037876606,89.41,AdamW,0.0006619587090990741
2,79,0.025405188931546613,99.15,0.5694880032539368,89.41,AdamW,0.0006545084971874731
2,80,0.021276110282737397,99.294,0.5801549933850765,89.41,AdamW,0.0006470201626161514
2,81,0.02138717120352358,99.262,0.5672210144996643,89.41,AdamW,0.0006394955530196142
2,82,0.019961906935869984,99.324,0.5510613646358251,89.53,AdamW,0.0006319365249826858
2,83,0.021221444744863833,99.256,0.5997911058366299,89.53,AdamW,0.0006243449435824268
2,84,0.022590643921700706,99.224,0.5625126478075981,89.53,AdamW,0.0006167226819279523
2,85,0.017455482663888466,99.39,0.6002291445434094,89.53,AdamW,0.0006090716206982709
2,86,0.01896113471415521,99.35,0.569172355979681,89.58,AdamW,0.0006013936476782558
2,87,0.0202728312103819,99.276,0.6029270267486573,89.58,AdamW,0.000593690657292862
2,88,0.01785499888605305,99.352,0.6181600257754326,89.58,AdamW,0.0005859645501397043
2,89,0.01609662895089987,99.436,0.5825839863717556,89.58,AdamW,0.000578217232520115
2,90,0.019767413429894524,99.342,0.5881631295382976,89.58,AdamW,0.000570450615968791
2,91,0.01698365349355819,99.428,0.5909266111254692,89.58,AdamW,0.0005626666167821518
2,92,0.017015270537183602,99.432,0.6002180714905262,89.58,AdamW,0.0005548671555455222
2,93,0.016335399419886574,99.43,0.6077948874235153,89.58,AdamW,0.0005470541566592567
2,94,0.014400082681926765,99.498,0.5989797070622445,89.58,AdamW,0.000539229547863922
2,95,0.015221498406204698,99.48,0.6225225506722927,89.58,AdamW,0.0005313952597646562
2,96,0.013120435935053713,99.572,0.5933189114928246,89.58,AdamW,0.0005235532253548208
2,97,0.012006738709807943,99.626,0.6051443333923817,89.58,AdamW,0.0005157053795390637
2,98,0.012673285378993142,99.566,0.5872296534478665,89.63,AdamW,0.0005078536586559099
2,99,0.01612048802335452,99.456,0.5854459588229656,89.63,AdamW,0.0004999999999999996
2,100,0.01222324649338867,99.57,0.6096323554217815,89.63,AdamW,0.0004921463413440893
2,101,0.013887047478382722,99.524,0.5931363123655319,89.82,AdamW,0.0004842946204609354
2,102,0.012695494369539546,99.566,0.5956747576594352,89.82,AdamW,0.00047644677464517824
2,103,0.010062267172209115,99.666,0.6033386822044849,89.82,AdamW,0.00046860474023534287
2,104,0.012325224338030462,99.594,0.6184136356413364,89.82,AdamW,0.00046077045213607716
2,105,0.013307404376528397,99.534,0.6015333366394043,89.82,AdamW,0.0004529458433407424
2,106,0.010095301161286164,99.644,0.6184225963056087,89.82,AdamW,0.000445132844454477
2,107,0.011079509861943103,99.632,0.6264796636998653,89.82,AdamW,0.0004373333832178475
2,108,0.009230298166585271,99.678,0.6027839651703835,89.87,AdamW,0.0004295493840312084
2,109,0.008582701197527206,99.724,0.5883687455952168,90.08,AdamW,0.0004217827674798842
2,110,0.009283120406489244,99.672,0.6422939792275428,90.08,AdamW,0.00041403544986029484
2,111,0.007969800442842082,99.724,0.6166072596609592,90.08,AdamW,0.0004063093427071374
2,112,0.007553300309229264,99.736,0.6239657390862703,90.08,AdamW,0.00039860635232174353
2,113,0.009865806471921411,99.648,0.6451382754743099,90.08,AdamW,0.0003909283793017286
2,114,0.010734876877941876,99.642,0.6139046059548855,90.08,AdamW,0.000383277318072047
2,115,0.006933134528870661,99.78,0.6281327484548092,90.08,AdamW,0.00037565505641757235
2,116,0.007299846351830935,99.76,0.6424852097034455,90.08,AdamW,0.0003680634750173133
2,117,0.008052721759185612,99.72,0.6315734481811524,90.08,AdamW,0.00036050444698038515
2,118,0.006126732165359165,99.79,0.624296593517065,90.08,AdamW,0.0003529798373838478
2,119,0.006564175821504436,99.784,0.6463551889359951,90.08,AdamW,0.0003454915028125262
2,120,0.007346314164082361,99.73,0.6361104039847851,90.08,AdamW,0.00033804129090092506
2,121,0.006027249623262573,99.784,0.6774844050407409,90.08,AdamW,0.0003306310398773541
2,122,0.006545941563598142,99.786,0.6569965732097626,90.08,AdamW,0.00032326257811037126
2,123,0.005859223216656555,99.812,0.6513159403204918,90.08,AdamW,0.0003159377236576609
2,124,0.006322888465305999,99.782,0.6517587575316429,90.08,AdamW,0.000308658283817455
2,125,0.006895763322156237,99.768,0.6551777870953083,90.08,AdamW,0.0003014260546826094
2,126,0.004450672170475757,99.844,0.6759489880502224,90.08,AdamW,0.0002942428206974454
2,127,0.005753060618208482,99.818,0.6706148564815522,90.08,AdamW,0.00028711035421746345
2,128,0.0043539063488944,99.844,0.6571046428382397,90.08,AdamW,0.0002800304150720422
2,129,0.005285222164934103,99.808,0.6519769217073917,90.08,AdamW,0.0002730047501302264
2,130,0.005093646363316018,99.83,0.6537668250501156,90.08,AdamW,0.0002660350928697132
2,131,0.003705956339667771,99.882,0.6480977227911353,90.08,AdamW,0.0002591231629491421
2,132,0.0029755817451809796,99.91,0.6556830716133117,90.17,AdamW,0.00025227066578379596
2,133,0.00432642378358168,99.856,0.6555306524038315,90.17,AdamW,0.0002454792921248141
2,134,0.003994530061576444,99.86,0.6604820577800274,90.17,AdamW,0.00023875071764202534
2,135,0.003132691431699418,99.898,0.6574632599949837,90.17,AdamW,0.0002320866025105013
2,136,0.002863833781294507,99.902,0.6674421564489603,90.33,AdamW,0.0002254885910009338
2,137,0.0028771248273828025,99.89,0.6726604856550693,90.4,AdamW,0.0002189583110739344
2,138,0.002391394573037917,99.936,0.670768865942955,90.43,AdamW,0.00021249737397836048
2,139,0.0025679390393485604,99.922,0.6996930654346943,90.43,AdamW,0.00020610737385376327
2,140,0.004017415708533788,99.87,0.6530308423191309,90.5,AdamW,0.00019978988733705783
2,141,0.002082444486339747,99.926,0.6513717989623546,90.5,AdamW,0.00019354647317351147
2,142,0.0022619294029528666,99.924,0.6667677338421345,90.5,AdamW,0.00018737867183214719
2,143,0.0025954503377798406,99.9,0.6672880725562572,90.5,AdamW,0.0001812880051256549
2,144,0.002477281737444117,99.912,0.6722692666947842,90.5,AdamW,0.00017527597583490801
2,145,0.0026171383010292555,99.918,0.6532240565121173,90.5,AdamW,0.00016934406733817395
2,146,0.00212571329202361,99.928,0.6546268722414971,90.6,AdamW,0.0001634937432451131
2,147,0.0018063453567636464,99.948,0.651123771071434,90.6,AdamW,0.00015772644703565544
2,148,0.00214581670041632,99.92,0.647735525816679,90.6,AdamW,0.00015204360170384266
2,149,0.0024211484794473014,99.92,0.6577011129260063,90.6,AdamW,0.0001464466094067261
2,150,0.0016198186244207823,99.944,0.6484204216301441,90.63,AdamW,0.00014093685111840547
2,151,0.0015763792116744372,99.94,0.657046040147543,90.63,AdamW,0.00013551568628929414
2,152,0.0014946001295197907,99.948,0.6518807922303677,90.63,AdamW,0.00013018445251069492
2,153,0.0012824331714520148,99.962,0.6541552844643593,90.63,AdamW,0.00012494446518477003
2,154,0.0012562953268568388,99.95,0.6474630481004715,90.63,AdamW,0.00011979701719998438
2,155,0.001249068040588285,99.952,0.6521705797314644,90.63,AdamW,0.00011474337861210527
2,156,0.00088201372929981,99.976,0.6550266048312188,90.63,AdamW,0.00010978479633083506
2,157,0.00098034382995138,99.968,0.6548503638803959,90.63,AdamW,0.00010492249381215464
2,158,0.0010219896607513968,99.97,0.6565427449345589,90.63,AdamW,0.00010015767075645457
2,159,0.0010159256432128744,99.968,0.6575711373984814,90.7,AdamW,9.549150281252619e-05
2,160,0.0013280374431727125,99.956,0.6636571653187275,90.7,AdamW,9.092514128748822e-05
2,161,0.0010359985236363526,99.958,0.6631148397922516,90.7,AdamW,8.645971286271902e-05
2,162,0.0006369662342123951,99.978,0.6676337566971778,90.7,AdamW,8.209631931586485e-05
2,163,0.0010164012170504548,99.956,0.6639451998472213,90.7,AdamW,7.783603724899246e-05
2,164,0.0012751950618380482,99.966,0.6577605652809143,90.7,AdamW,7.367991782295392e-05
2,165,0.0005468447254283351,99.984,0.6628727468848229,90.7,AdamW,6.962898649802802e-05
2,166,0.0007834166302920809,99.976,0.6600236311554909,90.85,AdamW,6.568424278090424e-05
2,167,0.0010956397130277478,99.97,0.6663355430960656,90.85,AdamW,6.184665997806812e-05
2,168,0.00037112811862141605,99.994,0.6657301035523414,90.85,AdamW,5.811718495565318e-05
2,169,0.0002502623844325821,99.998,0.6611747793853283,90.85,AdamW,5.449673790581603e-05
2,170,0.0003548519774489139,99.992,0.6656183080375194,90.85,AdamW,5.098621211969216e-05
2,171,0.0003814397177302917,99.988,0.6662810002267361,90.85,AdamW,4.7586473766990253e-05
2,172,0.00047854380548934775,99.988,0.6694913645088673,90.85,AdamW,4.4298361682277405e-05
2,173,0.0006477599647020762,99.98,0.6624127665162086,90.85,AdamW,4.1122687158009486e-05
2,174,0.0004715565932948656,99.984,0.6695148126780986,90.85,AdamW,3.8060233744356686e-05
2,175,0.0004661891309508194,99.988,0.6641601695120335,90.87,AdamW,3.511175705587427e-05
2,176,0.00034217535144121864,99.99,0.6677207484841347,90.87,AdamW,3.2277984585066264e-05
2,177,0.0003017441819331313,99.994,0.6691730660200119,90.87,AdamW,2.955961552288723e-05
2,178,0.00040976322949685414,99.992,0.6674655222892761,90.87,AdamW,2.6957320586227313e-05
2,179,0.00035578981292436933,99.992,0.6668021541833877,90.87,AdamW,2.44717418524232e-05
2,180,0.0001985830590293907,99.996,0.6645956806838512,90.87,AdamW,2.210349260083491e-05
2,181,0.0003644807592436615,99.988,0.6648274816572666,90.88,AdamW,1.9853157161528496e-05
2,182,0.00024552074218291283,99.996,0.661946068406105,90.88,AdamW,1.7721290771100992e-05
2,183,0.00021572002912318095,99.994,0.6678338816761971,90.88,AdamW,1.5708419435684497e-05
2,184,0.00040202825505507555,99.988,0.669649515748024,90.88,AdamW,1.3815039801161704e-05
2,185,0.00018999642306288925,99.996,0.6720289404690266,90.88,AdamW,1.2041619030626323e-05
2,186,0.00020857076500724778,99.998,0.6713126453757287,90.88,AdamW,1.0388594689117057e-05
2,187,0.0002212514310935095,99.996,0.6701702949404716,90.88,AdamW,8.856374635655629e-06
2,188,0.00031196143669840425,99.988,0.6697663021087646,90.88,AdamW,7.445336922613057e-06
2,189,0.00021765905622413235,99.994,0.6698298631608486,90.88,AdamW,6.155829702431163e-06
2,190,0.00011957845242704934,100.0,0.6702337601780891,90.88,AdamW,4.988171141721226e-06
2,191,0.00017159098101218457,99.998,0.6699196645617485,90.88,AdamW,3.942649342761113e-06
2,192,0.00023533492412651315,99.996,0.6676693797111511,90.88,AdamW,3.0195222724101985e-06
2,193,0.0001929208992446176,99.996,0.6690053915977479,90.88,AdamW,2.219017698459999e-06
2,194,0.00019251227850102678,99.996,0.6673899519443512,90.88,AdamW,1.5413331334360161e-06
2,195,0.0002635387693177962,99.992,0.6692965584993362,90.88,AdamW,9.866357858642194e-07
2,196,0.00010341437701656884,100.0,0.6689024238288402,90.88,AdamW,5.550625190150475e-07
2,197,0.0002697642887550482,99.99,0.6683602127432823,90.89,AdamW,2.4671981713419966e-07
2,198,0.0002029177875661039,99.996,0.6695231680572032,90.89,AdamW,6.168375916970607e-08
2,199,0.00017653629609743946,99.994,0.6669648025929927,90.89,AdamW,0.0
3,0,1.3285828965659043,51.018,1.0354733031988144,63.64,AdamW,0.0009999383162408303
3,1,0.8811558758725926,68.452,0.8852386140823364,69.72,AdamW,0.0009997532801828658
3,2,0.7316577261199757,74.438,0.7634616762399673,74.59,AdamW,0.0009994449374809851
3,3,0.6362879924019988,77.804,0.7001596882939338,76.08,AdamW,0.0009990133642141358
3,4,0.5667446517214483,80.288,0.6416581445932388,78.72,AdamW,0.000998458666866564
3,5,0.5165360905990308,81.858,0.5988866114616394,79.93,AdamW,0.00099778098230154
3,6,0.4673284400178462,83.748,0.5811918196082115,80.69,AdamW,0.0009969804777275899
3,7,0.42829032333529726,85.178,0.5288035187125206,82.36,AdamW,0.000996057350657239
3,8,0.40767128963251503,85.908,0.4959601508080959,83.05,AdamW,0.0009950118288582787
3,9,0.3781193192211949,86.768,0.4964140394330025,83.84,AdamW,0.0009938441702975688
3,10,0.3480790870226159,87.988,0.505328213274479,83.84,AdamW,0.000992554663077387
3,11,0.3230211665587766,88.85,0.4713055954873562,84.93,AdamW,0.0009911436253643444
3,12,0.30620837074761487,89.284,0.47784504294395447,84.93,AdamW,0.0009896114053108828
3,13,0.28808584109861024,89.904,0.4818441654741764,84.93,AdamW,0.0009879583809693736
3,14,0.26825231146447515,90.732,0.5359388822317124,84.93,AdamW,0.0009861849601988382
3,15,0.25563190208405867,90.914,0.42626002937555313,85.93,AdamW,0.0009842915805643154
3,16,0.24142255181712763,91.542,0.42357172146439553,86.58,AdamW,0.000982278709228899
3,17,0.2256433719731107,92.058,0.4707589514553547,86.58,AdamW,0.0009801468428384714
3,18,0.21372472411211657,92.496,0.48106555968523024,86.58,AdamW,0.0009778965073991648
3,19,0.20619270315735924,92.71,0.4361287388205528,86.58,AdamW,0.0009755282581475766
3,20,0.18492384361369268,93.496,0.41115603610873225,87.26,AdamW,0.0009730426794137723
3,21,0.17985609675548514,93.686,0.48878265351057054,87.26,AdamW,0.0009704403844771124
3,22,0.1695364791975946,93.922,0.4828736013174057,87.26,AdamW,0.0009677220154149334
3,23,0.15712567331383423,94.454,0.46408621802926064,87.26,AdamW,0.0009648882429441253
3,24,0.1522520552104225,94.542,0.4869073334336281,87.26,AdamW,0.000961939766255643
3,25,0.14260397756434218,94.97,0.47374736815690993,87.26,AdamW,0.0009588773128419901
3,26,0.1372715447440135,95.1,0.4516854691505432,87.69,AdamW,0.0009557016383177221
3,27,0.12745914781200035,95.56,0.44590368136763575,87.69,AdamW,0.0009524135262330093
3,28,0.12048369340066399,95.606,0.5048906238377094,87.69,AdamW,0.0009490137878803073
3,29,0.11683985858927576,95.85,0.5042169244587421,87.69,AdamW,0.0009455032620941834
3,30,0.11435676141813093,95.898,0.4850251856446266,87.69,AdamW,0.0009418828150443463
3,31,0.10005313625597224,96.552,0.5336704215407372,87.69,AdamW,0.0009381533400219311
3,32,0.10227544014627228,96.428,0.49411694556474683,87.69,AdamW,0.0009343157572190951
3,33,0.09077354175589826,96.734,0.5567246448993682,87.69,AdamW,0.0009303710135019713
3,34,0.09145483476280862,96.752,0.5507239431142807,87.69,AdamW,0.0009263200821770456
3,35,0.0900445201111083,96.83,0.5694948902726173,87.69,AdamW,0.000922163962751007
3,36,0.08169720619346718,97.086,0.5582753287255764,87.69,AdamW,0.0009179036806841347
3,37,0.08462585520227345,96.936,0.5197898027300835,87.69,AdamW,0.0009135402871372803
3,38,0.0727721437792845,97.458,0.5270642292499542,87.83,AdamW,0.0009090748587125112
3,39,0.07156771496508499,97.428,0.6094845232367515,87.83,AdamW,0.0009045084971874732
3,40,0.07382715132315548,97.41,0.5201831012964249,87.83,AdamW,0.0008998423292435448
3,41,0.07068311011570753,97.472,0.5313070897758007,87.83,AdamW,0.0008950775061878446
3,42,0.0672364726244491,97.65,0.5582472741603851,87.83,AdamW,0.0008902152036691643
3,43,0.0655344541051558,97.662,0.523801875859499,87.91,AdamW,0.000885256621387894
3,44,0.059839242541858434,97.892,0.5143994472920894,88.55,AdamW,0.0008802029828000149
3,45,0.05887368683969336,97.922,0.5332161314785481,88.55,AdamW,0.0008750555348152292
3,46,0.05908855500783087,97.942,0.5345749568939209,88.55,AdamW,0.0008698155474893041
3,47,0.0581357752125026,97.948,0.5886601069569588,88.55,AdamW,0.0008644843137107051
3,48,0.05303704007576239,98.096,0.5360538621246814,88.55,AdamW,0.0008590631488815938
3,49,0.05175003812325244,98.218,0.5788506719470025,88.55,AdamW,0.0008535533905932731
3,50,0.05355194640554944,98.136,0.5619808092713356,88.55,AdamW,0.0008479563982961564
3,51,0.050468247222276975,98.196,0.6011029854416847,88.55,AdamW,0.0008422735529643437
3,52,0.048764096021804273,98.25,0.5995983928442001,88.55,AdamW,0.000836506256754886
3,53,0.046870277959340234,98.358,0.5955994275212287,88.55,AdamW,0.0008306559326618253
3,54,0.04526456723901994,98.406,0.562346482872963,88.55,AdamW,0.0008247240241650912
3,55,0.047256359355334114,98.344,0.5433220681548119,88.55,AdamW,0.0008187119948743442
3,56,0.041283474491471996,98.592,0.5665743535757065,88.55,AdamW,0.000812621328167852
3,57,0.042394375970245014,98.47,0.5592950461804866,88.76,AdamW,0.0008064535268264877
3,58,0.04219978572254316,98.496,0.6791875977814198,88.76,AdamW,0.0008002101126629415
3,59,0.0394971595521142,98.598,0.545129057019949,88.84,AdamW,0.000793892626146236
3,60,0.04035245564918281,98.574,0.5779658684134483,88.84,AdamW,0.0007875026260216388
3,61,0.03887519922715669,98.62,0.5699557229876518,88.84,AdamW,0.0007810416889260649
3,62,0.03751473251388085,98.65,0.5660232496261597,88.84,AdamW,0.0007745114089990654
3,63,0.03745120141788253,98.706,0.5543214425444603,88.84,AdamW,0.0007679133974894978
3,64,0.03265284107076194,98.838,0.5691661673784256,88.84,AdamW,0.0007612492823579739
3,65,0.031660316519116105,98.948,0.5901657685637474,88.84,AdamW,0.0007545207078751852
3,66,0.03512565192424369,98.78,0.5527427145838737,88.91,AdamW,0.0007477293342162034
3,67,0.029886894963909776,98.996,0.556369271427393,88.91,AdamW,0.0007408768370508571
3,68,0.03134143508600109,98.91,0.6051798895001411,88.91,AdamW,0.0007339649071302863
3,69,0.032459430227873426,98.886,0.6115459042787552,88.91,AdamW,0.0007269952498697729
3,70,0.029583033643501372,99.016,0.5823712253570557,88.99,AdamW,0.000719969584927957
3,71,0.031071591581222698,98.93,0.5604175442457199,88.99,AdamW,0.0007128896457825358
3,72,0.02955487464217241,98.984,0.557822911143303,88.99,AdamW,0.0007057571793025539
3,73,0.025303367159462402,99.094,0.5976435911655426,88.99,AdamW,0.0006985739453173898
3,74,0.028278991905497198,99.014,0.5595559100806713,88.99,AdamW,0.0006913417161825444
3,75,0.021671507199299618,99.268,0.5949747724831105,88.99,AdamW,0.0006840622763423385
3,76,0.025357721341365227,99.114,0.570725099593401,89.08,AdamW,0.000676737421889628
3,77,0.025248936503978293,99.124,0.5721318715810776,89.43,AdamW,0.0006693689601226452
3,78,0.023138946852835646,99.204,0.5742021772265434,89.43,AdamW,0.0006619587090990741
3,79,0.023110550559810077,99.176,0.5714696548879147,89.43,AdamW,0.0006545084971874731
3,80,0.020765777382695555,99.266,0.5684067541360855,89.43,AdamW,0.0006470201626161514
3,81,0.02472328516293545,99.152,0.5885099720954895,89.43,AdamW,0.0006394955530196142
3,82,0.02045810446131271,99.292,0.5716685719788075,89.43,AdamW,0.0006319365249826858
3,83,0.01903753104793117,99.344,0.6190282642841339,89.43,AdamW,0.0006243449435824268
3,84,0.023199200545846274,99.182,0.6063357396423816,89.43,AdamW,0.0006167226819279523
3,85,0.02134406594417001,99.192,0.6049450060725212,89.43,AdamW,0.0006090716206982709
3,86,0.019807926136810258,99.334,0.5906838823854923,89.43,AdamW,0.0006013936476782558
3,87,0.017649689110765726,99.416,0.5603018102049827,89.43,AdamW,0.000593690657292862
3,88,0.01625851513811967,99.45,0.5839093285799026,89.48,AdamW,0.0005859645501397043
3,89,0.016729005412863835,99.416,0.6092996127903462,89.48,AdamW,0.000578217232520115
3,90,0.017535425195463326,99.412,0.615358185172081,89.48,AdamW,0.000570450615968791
3,91,0.015643819009265102,99.462,0.630799500644207,89.48,AdamW,0.0005626666167821518
3,92,0.017265816130651618,99.396,0.5935097233206034,89.49,AdamW,0.0005548671555455222
3,93,0.014391183818403003,99.482,0.6177373604476452,89.49,AdamW,0.0005470541566592567
3,94,0.017014266882680963,99.404,0.6338505731523036,89.49,AdamW,0.000539229547863922
3,95,0.014240211547038764,99.528,0.5896491712331772,89.51,AdamW,0.0005313952597646562
3,96,0.014947308619727609,99.464,0.615102998316288,89.51,AdamW,0.0005235532253548208
3,97,0.012437257512327942,99.556,0.6019979271292687,89.66,AdamW,0.0005157053795390637
3,98,0.012136327905808481,99.572,0.6584840030968189,89.66,AdamW,0.0005078536586559099
3,99,0.014017821887266888,99.492,0.619328405559063,89.66,AdamW,0.0004999999999999996
3,100,0.013497363132120547,99.562,0.6106438444554806,89.66,AdamW,0.0004921463413440893
3,101,0.011673952310771635,99.59,0.6226598267257214,89.66,AdamW,0.0004842946204609354
3,102,0.012766460510925864,99.58,0.6289834183454514,89.66,AdamW,0.00047644677464517824
3,103,0.010379056739371404,99.64,0.6319031739234924,89.66,AdamW,0.00046860474023534287
3,104,0.013746758115748704,99.522,0.6254495404660702,89.66,AdamW,0.00046077045213607716
3,105,0.008840863315693854,99.696,0.6487168750166893,89.66,AdamW,0.0004529458433407424
3,106,0.009675285782948925,99.674,0.6702862119674683,89.66,AdamW,0.000445132844454477
3,107,0.01184160603573831,99.578,0.6374539555609227,89.7,AdamW,0.0004373333832178475
3,108,0.009642847423733935,99.658,0.6501817551255226,89.7,AdamW,0.0004295493840312084
3,109,0.01155533494617272,99.608,0.6533092188835145,89.7,AdamW,0.0004217827674798842
3,110,0.009679021693175725,99.68,0.6274639782309532,89.8,AdamW,0.00041403544986029484
3,111,0.009373650466859916,99.676,0.6209759110212326,89.81,AdamW,0.0004063093427071374
3,112,0.009714098276088741,99.694,0.6335958917438984,89.81,AdamW,0.00039860635232174353
3,113,0.008691836030525988,99.7,0.636072719246149,89.81,AdamW,0.0003909283793017286
3,114,0.007313104442466877,99.742,0.6320025297999382,89.86,AdamW,0.000383277318072047
3,115,0.006382387524428516,99.762,0.6390580159425735,89.99,AdamW,0.00037565505641757235
3,116,0.007756473614196638,99.744,0.6572293943166733,89.99,AdamW,0.0003680634750173133
3,117,0.008980308049679163,99.69,0.6563229857385159,89.99,AdamW,0.00036050444698038515
3,118,0.008987695804460934,99.698,0.6735170862078667,89.99,AdamW,0.0003529798373838478
3,119,0.008286063109728868,99.704,0.6514084520936012,89.99,AdamW,0.0003454915028125262
3,120,0.008609176243281785,99.706,0.6098626436293125,90.06,AdamW,0.00033804129090092506
3,121,0.006801870503462554,99.784,0.611495530307293,90.32,AdamW,0.0003306310398773541
3,122,0.0044109545860826944,99.854,0.6304455880820751,90.32,AdamW,0.00032326257811037126
3,123,0.004500533660088227,99.844,0.6306782892346382,90.32,AdamW,0.0003159377236576609
3,124,0.005920345021097871,99.792,0.6598563520610332,90.32,AdamW,0.000308658283817455
3,125,0.004423921000050875,99.852,0.6563776779174805,90.32,AdamW,0.0003014260546826094
3,126,0.005528537515620345,99.84,0.6660093188285827,90.32,AdamW,0.0002942428206974454
3,127,0.005926758523206185,99.788,0.6514053320884705,90.32,AdamW,0.00028711035421746345
3,128,0.004224801573641622,99.852,0.648154690861702,90.32,AdamW,0.0002800304150720422
3,129,0.005751765925419839,99.796,0.6612424299120903,90.32,AdamW,0.0002730047501302264
3,130,0.005416641131664712,99.832,0.6961418175697327,90.32,AdamW,0.0002660350928697132
3,131,0.005263927329256798,99.816,0.6625413081049919,90.32,AdamW,0.0002591231629491421
3,132,0.003640133869534371,99.878,0.648788689225912,90.32,AdamW,0.00025227066578379596
3,133,0.004214173041409409,99.866,0.6631581369042396,90.32,AdamW,0.0002454792921248141
3,134,0.0035936163959581326,99.892,0.6684011153876781,90.32,AdamW,0.00023875071764202534
3,135,0.0034624571625945276,99.894,0.6681085276603699,90.32,AdamW,0.0002320866025105013
3,136,0.0031774988700427847,99.888,0.6877102714776993,90.32,AdamW,0.0002254885910009338
3,137,0.0029550276193156012,99.904,0.6731391705572605,90.32,AdamW,0.0002189583110739344
3,138,0.0021361464394301167,99.924,0.6884313225746155,90.32,AdamW,0.00021249737397836048
3,139,0.00249323447112648,99.91,0.6862443029880524,90.32,AdamW,0.00020610737385376327
3,140,0.002618094676591329,99.908,0.6960799361765385,90.32,AdamW,0.00019978988733705783
3,141,0.0029661222120104906,99.904,0.6955186273157596,90.32,AdamW,0.00019354647317351147
3,142,0.003919340873464386,99.876,0.6838826596736908,90.32,AdamW,0.00018737867183214719
3,143,0.0025113741378622856,99.892,0.6913016450405121,90.32,AdamW,0.0001812880051256549
3,144,0.0021716791022708074,99.926,0.6801565995812416,90.32,AdamW,0.00017527597583490801
3,145,0.0029514611377616886,99.914,0.6738905577361584,90.32,AdamW,0.00016934406733817395
3,146,0.002086453074094161,99.94,0.6644057594239712,90.32,AdamW,0.0001634937432451131
3,147,0.001357762242614812,99.956,0.6747429479658603,90.32,AdamW,0.00015772644703565544
3,148,0.0016837299642377599,99.938,0.6817106327414513,90.36,AdamW,0.00015204360170384266
3,149,0.002327543841500078,99.918,0.7090877297520638,90.36,AdamW,0.0001464466094067261
3,150,0.0014592786158350557,99.956,0.7016761967539787,90.36,AdamW,0.00014093685111840547
3,151,0.0013836678828242003,99.97,0.6850439164042473,90.36,AdamW,0.00013551568628929414
3,152,0.0013277451654542403,99.96,0.700914302766323,90.36,AdamW,0.00013018445251069492
3,153,0.0014801274043506685,99.956,0.7130720719695092,90.36,AdamW,0.00012494446518477003
3,154,0.0016506922390214398,99.948,0.7220497541129589,90.36,AdamW,0.00011979701719998438
3,155,0.0009367230722014771,99.974,0.6956423196196556,90.38,AdamW,0.00011474337861210527
3,156,0.0006721208682884768,99.98,0.6984928467869759,90.38,AdamW,0.00010978479633083506
3,157,0.0010854277935573474,99.958,0.7148847198486328,90.38,AdamW,0.00010492249381215464
3,158,0.0011938508762434177,99.966,0.7119497963786126,90.38,AdamW,0.00010015767075645457
3,159,0.001163840025713268,99.966,0.7098652110993862,90.42,AdamW,9.549150281252619e-05
3,160,0.0009145869324417005,99.976,0.7077459119260311,90.51,AdamW,9.092514128748822e-05
3,161,0.0007763535859386157,99.982,0.7049203633517027,90.51,AdamW,8.645971286271902e-05
3,162,0.0009618725206360533,99.974,0.7070943239331245,90.51,AdamW,8.209631931586485e-05
3,163,0.000788619777408109,99.978,0.6993462869524956,90.51,AdamW,7.783603724899246e-05
3,164,0.0007852977790263343,99.982,0.6879483936727047,90.51,AdamW,7.367991782295392e-05
3,165,0.0007386817043406693,99.98,0.7002722863852978,90.51,AdamW,6.962898649802802e-05
3,166,0.000664750536509647,99.978,0.7023210038244724,90.51,AdamW,6.568424278090424e-05
3,167,0.0006710877681350249,99.978,0.7131785331666469,90.51,AdamW,6.184665997806812e-05
3,168,0.0006310183143332139,99.98,0.7045006181299687,90.51,AdamW,5.811718495565318e-05
3,169,0.0005598679227864058,99.982,0.6996230645477772,90.51,AdamW,5.449673790581603e-05
3,170,0.0005741281915459472,99.986,0.7042344905436039,90.51,AdamW,5.098621211969216e-05
3,171,0.0003824549924349078,99.988,0.7020448039472104,90.51,AdamW,4.7586473766990253e-05
3,172,0.0005298459814451568,99.988,0.7039237372577191,90.51,AdamW,4.4298361682277405e-05
3,173,0.0003692083407841261,99.994,0.7086216479539871,90.51,AdamW,4.1122687158009486e-05
3,174,0.0007517577862368129,99.98,0.7098773413896561,90.51,AdamW,3.8060233744356686e-05
3,175,0.0004140876269989998,99.986,0.7047249749302864,90.53,AdamW,3.511175705587427e-05
3,176,0.0002447458320703817,99.994,0.707737617045641,90.57,AdamW,3.2277984585066264e-05
3,177,0.0004605012955824823,99.988,0.718699603676796,90.57,AdamW,2.955961552288723e-05
3,178,0.000338435434734808,99.992,0.7093179334700107,90.57,AdamW,2.6957320586227313e-05
3,179,0.00031024953032026217,99.996,0.710327079296112,90.57,AdamW,2.44717418524232e-05
3,180,0.00024068403970478375,99.994,0.7131353053450584,90.57,AdamW,2.210349260083491e-05
3,181,0.0003558114409860692,99.992,0.7108219625055789,90.63,AdamW,1.9853157161528496e-05
3,182,0.00041352985596118945,99.988,0.711768935918808,90.63,AdamW,1.7721290771100992e-05
3,183,0.00024058987454323794,99.994,0.711713954359293,90.64,AdamW,1.5708419435684497e-05
3,184,0.0002071760409841531,99.998,0.7083031520247459,90.7,AdamW,1.3815039801161704e-05
3,185,0.0002923545703974552,99.99,0.7099074332416058,90.7,AdamW,1.2041619030626323e-05
3,186,0.00027927323747100707,99.994,0.7134694035351277,90.7,AdamW,1.0388594689117057e-05
3,187,0.00021232838038977948,99.996,0.7101527491211891,90.7,AdamW,8.856374635655629e-06
3,188,0.00019131165613799214,99.996,0.7110270707309246,90.7,AdamW,7.445336922613057e-06
3,189,0.00015119512807252843,99.996,0.7118783043324948,90.7,AdamW,6.155829702431163e-06
3,190,0.00013902072242667508,99.998,0.7122505028545857,90.7,AdamW,4.988171141721226e-06
3,191,0.00018195267887106137,99.996,0.7109349837899208,90.7,AdamW,3.942649342761113e-06
3,192,0.00017622667595055785,99.996,0.7107323007285595,90.7,AdamW,3.0195222724101985e-06
3,193,0.0001998909372360333,99.996,0.7112896001338959,90.7,AdamW,2.219017698459999e-06
3,194,0.0001443381557681751,99.996,0.715389851629734,90.7,AdamW,1.5413331334360161e-06
3,195,0.00022557754242067362,99.994,0.7115605050325393,90.7,AdamW,9.866357858642194e-07
3,196,0.0001636272895625877,99.998,0.7113169687986374,90.7,AdamW,5.550625190150475e-07
3,197,0.00021919623706559592,99.996,0.7099979898333549,90.7,AdamW,2.4671981713419966e-07
3,198,0.00044818252391472555,99.988,0.7120050747692585,90.7,AdamW,6.168375916970607e-08
3,199,9.751827837000784e-05,100.0,0.7101250575482845,90.7,AdamW,0.0
4,0,1.3414345778981034,50.438,1.1282109481096267,59.68,AdamW,0.0009999383162408303
4,1,0.8960250585663075,67.902,0.892861607670784,69.85,AdamW,0.0009997532801828658
4,2,0.7372322321242216,74.13,0.7361387827992439,74.63,AdamW,0.0009994449374809851
4,3,0.644502690556098,77.436,0.7333723458647728,75.37,AdamW,0.0009990133642141358
4,4,0.5703031080109733,80.15,0.6515647438168526,77.25,AdamW,0.000998458666866564
4,5,0.5170929501859509,82.086,0.5823186337947845,80.12,AdamW,0.00099778098230154
4,6,0.4786240966344366,83.502,0.5892506140470505,80.34,AdamW,0.0009969804777275899
4,7,0.43192211219242643,85.11,0.5566598376631737,81.76,AdamW,0.000996057350657239
4,8,0.4070810970603203,85.814,0.5194991636276245,82.45,AdamW,0.0009950118288582787
4,9,0.3770290833650803,86.962,0.5849522233009339,82.45,AdamW,0.0009938441702975688
4,10,0.354911457519142,87.602,0.5411991894245147,83.01,AdamW,0.000992554663077387
4,11,0.32911883788753526,88.552,0.5064881947636605,83.29,AdamW,0.0009911436253643444
4,12,0.3088494154947753,89.266,0.508144860714674,83.44,AdamW,0.0009896114053108828
4,13,0.2955031522682735,89.668,0.45898605197668074,84.89,AdamW,0.0009879583809693736
4,14,0.26852532004823493,90.654,0.5856118538975715,84.89,AdamW,0.0009861849601988382
4,15,0.2542726539683585,91.256,0.46797482505440713,84.89,AdamW,0.0009842915805643154
4,16,0.23965934766646552,91.616,0.4657804152369499,85.45,AdamW,0.000982278709228899
4,17,0.2253457139417225,92.15,0.45231406539678576,86.1,AdamW,0.0009801468428384714
4,18,0.21781100178783647,92.336,0.4610965453088284,86.1,AdamW,0.0009778965073991648
4,19,0.2005409237225445,92.928,0.4381541082262993,86.29,AdamW,0.0009755282581475766
4,20,0.19524474001052428,93.21,0.4540786847472191,86.63,AdamW,0.0009730426794137723
4,21,0.1778693860206677,93.746,0.4967600192129612,86.63,AdamW,0.0009704403844771124
4,22,0.1711120946446852,93.894,0.47167131572961807,86.63,AdamW,0.0009677220154149334
4,23,0.16351832561575028,94.296,0.45439416147768497,86.63,AdamW,0.0009648882429441253
4,24,0.15101185623480348,94.662,0.5351446428894997,86.63,AdamW,0.000961939766255643
4,25,0.1436035409949872,94.974,0.4567663335800171,87.11,AdamW,0.0009588773128419901
4,26,0.13394541397918852,95.29,0.4875233148038387,87.11,AdamW,0.0009557016383177221
4,27,0.12973514645911602,95.482,0.4878509482741356,87.11,AdamW,0.0009524135262330093
4,28,0.12802625489326155,95.474,0.5201530799269676,87.11,AdamW,0.0009490137878803073
4,29,0.11501265438843747,96.046,0.5876610589027405,87.11,AdamW,0.0009455032620941834
4,30,0.11392522918782672,95.98,0.4995925198495388,87.11,AdamW,0.0009418828150443463
4,31,0.10495800503092456,96.2,0.5792944751679897,87.11,AdamW,0.0009381533400219311
4,32,0.10805579308154327,96.19,0.6180141726136208,87.11,AdamW,0.0009343157572190951
4,33,0.09507590636839064,96.686,0.6428667846322059,87.11,AdamW,0.0009303710135019713
4,34,0.09631511703969872,96.628,0.5120949102938175,87.11,AdamW,0.0009263200821770456
4,35,0.08682664919986713,96.904,0.5040647184848785,87.26,AdamW,0.000922163962751007
4,36,0.08604887414875688,96.986,0.4976003919541836,87.6,AdamW,0.0009179036806841347
4,37,0.08207656393701933,97.12,0.4968082965910435,87.6,AdamW,0.0009135402871372803
4,38,0.08124515351516251,97.152,0.5437942819297313,87.6,AdamW,0.0009090748587125112
4,39,0.07359860934393138,97.47,0.5528135572373867,87.6,AdamW,0.0009045084971874732
4,40,0.07173930726498745,97.408,0.5435310934484004,87.6,AdamW,0.0008998423292435448
4,41,0.06724063730893695,97.604,0.5932231852412224,87.6,AdamW,0.0008950775061878446
4,42,0.06871173429131812,97.606,0.5074205272644758,87.83,AdamW,0.0008902152036691643
4,43,0.06232126093735652,97.784,0.5104148181527853,88.14,AdamW,0.000885256621387894
4,44,0.06345081847275094,97.712,0.5706040094792842,88.14,AdamW,0.0008802029828000149
4,45,0.05955745927913456,97.892,0.5431394328922033,88.14,AdamW,0.0008750555348152292
4,46,0.05668422183478061,98.006,0.5643220984935761,88.14,AdamW,0.0008698155474893041
4,47,0.061355061235134394,97.8,0.56114562317729,88.14,AdamW,0.0008644843137107051
4,48,0.05913925011243139,97.924,0.5633396947383881,88.14,AdamW,0.0008590631488815938
4,49,0.05764201001207135,97.934,0.5542378340661526,88.14,AdamW,0.0008535533905932731
4,50,0.05632852693563517,98.026,0.5280376210063696,88.14,AdamW,0.0008479563982961564
4,51,0.04841305424307226,98.308,0.5419672825932502,88.14,AdamW,0.0008422735529643437
4,52,0.05087667151962464,98.238,0.5442260058224201,88.14,AdamW,0.000836506256754886
4,53,0.04736627090000072,98.35,0.5680855192244053,88.14,AdamW,0.0008306559326618253
4,54,0.04327114325073757,98.482,0.5467161206901073,88.35,AdamW,0.0008247240241650912
4,55,0.04366406707368715,98.488,0.588675654605031,88.35,AdamW,0.0008187119948743442
4,56,0.0438896140145442,98.426,0.5193790636956692,88.67,AdamW,0.000812621328167852
4,57,0.03965619363232839,98.572,0.5937602649629116,88.67,AdamW,0.0008064535268264877
4,58,0.04156513293143077,98.572,0.5842448344826698,88.67,AdamW,0.0008002101126629415
4,59,0.04085770043620498,98.59,0.5577650557458401,88.67,AdamW,0.000793892626146236
4,60,0.039299292302196275,98.624,0.5970800144970417,88.67,AdamW,0.0007875026260216388
4,61,0.03693878179658394,98.738,0.5385638423264026,88.67,AdamW,0.0007810416889260649
4,62,0.034631939961251856,98.792,0.5517714254558086,88.68,AdamW,0.0007745114089990654
4,63,0.03391469162247353,98.806,0.5931851083040237,88.68,AdamW,0.0007679133974894978
4,64,0.03681613305198713,98.732,0.5601615791022777,88.68,AdamW,0.0007612492823579739
4,65,0.034494551373241776,98.79,0.52769940122962,89.3,AdamW,0.0007545207078751852
4,66,0.03473007959807862,98.78,0.5539130780100823,89.3,AdamW,0.0007477293342162034
4,67,0.03239261548567031,98.858,0.5733350484073162,89.3,AdamW,0.0007408768370508571
4,68,0.03297588315778127,98.846,0.5522058071196079,89.3,AdamW,0.0007339649071302863
4,69,0.028017098226641515,99.036,0.5643676556646824,89.3,AdamW,0.0007269952498697729
4,70,0.027812692626588503,99.082,0.5616569858789444,89.3,AdamW,0.000719969584927957
4,71,0.030249996190386996,98.938,0.5825006008148194,89.3,AdamW,0.0007128896457825358
4,72,0.026456235673953304,99.056,0.5824454639106988,89.3,AdamW,0.0007057571793025539
4,73,0.027313386189884374,99.03,0.5763144633173942,89.3,AdamW,0.0006985739453173898
4,74,0.026016008944846975,99.05,0.5999949747323989,89.3,AdamW,0.0006913417161825444
4,75,0.026238848948233515,99.074,0.6337665413320065,89.3,AdamW,0.0006840622763423385
4,76,0.02392996745825536,99.194,0.6276772738993168,89.3,AdamW,0.000676737421889628
4,77,0.0253614880173106,99.126,0.6227318981289863,89.3,AdamW,0.0006693689601226452
4,78,0.024190525646079142,99.164,0.5759092856943607,89.3,AdamW,0.0006619587090990741
4,79,0.023184331321651687,99.168,0.5738534776866436,89.3,AdamW,0.0006545084971874731
4,80,0.02040313097187413,99.27,0.568132933229208,89.3,AdamW,0.0006470201626161514
4,81,0.022495619658076643,99.196,0.5508276030421257,89.3,AdamW,0.0006394955530196142
4,82,0.0204943018806243,99.278,0.5616020673513412,89.3,AdamW,0.0006319365249826858
4,83,0.019009119116125642,99.332,0.5970651829242706,89.3,AdamW,0.0006243449435824268
4,84,0.02092104514155594,99.294,0.5815499667823315,89.42,AdamW,0.0006167226819279523
4,85,0.02177776149545359,99.232,0.5983323383331299,89.42,AdamW,0.0006090716206982709
4,86,0.02019668592268373,99.306,0.5674213761091232,89.42,AdamW,0.0006013936476782558
4,87,0.01824635316318433,99.37,0.5866761618852615,89.42,AdamW,0.000593690657292862
4,88,0.017764760145076493,99.366,0.5787221421301365,89.42,AdamW,0.0005859645501397043
4,89,0.01626250668243524,99.478,0.573765529692173,89.42,AdamW,0.000578217232520115
4,90,0.017143525932179004,99.428,0.5877086700499058,89.42,AdamW,0.000570450615968791
4,91,0.014428703759426289,99.508,0.6109068137407303,89.42,AdamW,0.0005626666167821518
4,92,0.016333482085967112,99.428,0.6164915440976619,89.42,AdamW,0.0005548671555455222
4,93,0.015488986080935302,99.458,0.6170763489603996,89.42,AdamW,0.0005470541566592567
4,94,0.01615094423820609,99.452,0.6351698353886605,89.42,AdamW,0.000539229547863922
4,95,0.014661551216184827,99.488,0.5764707188308239,89.58,AdamW,0.0005313952597646562
4,96,0.014803730882258791,99.52,0.5763572877645493,89.58,AdamW,0.0005235532253548208
4,97,0.014186419172115073,99.52,0.567250511944294,89.65,AdamW,0.0005157053795390637
4,98,0.014612719673801176,99.474,0.5940824139118195,89.65,AdamW,0.0005078536586559099
4,99,0.014648097025869623,99.508,0.5887308599054814,89.65,AdamW,0.0004999999999999996
4,100,0.011473039685444412,99.602,0.5977308079600334,89.65,AdamW,0.0004921463413440893
4,101,0.012481261022467337,99.608,0.6015582652390004,89.65,AdamW,0.0004842946204609354
4,102,0.010513457108071616,99.626,0.6368815462291241,89.65,AdamW,0.00047644677464517824
4,103,0.011057326925041782,99.632,0.6192111578583718,89.67,AdamW,0.00046860474023534287
4,104,0.013049360225244416,99.526,0.6245807644724846,89.67,AdamW,0.00046077045213607716
4,105,0.011129477276491733,99.59,0.5988475586473941,89.83,AdamW,0.0004529458433407424
4,106,0.009186928254853321,99.66,0.6062723664939403,89.83,AdamW,0.000445132844454477
4,107,0.012368676671030698,99.598,0.5845814894139767,89.83,AdamW,0.0004373333832178475
4,108,0.008604709178682094,99.708,0.6165992423892022,89.83,AdamW,0.0004295493840312084
4,109,0.009649002876748065,99.68,0.6162524008750916,89.83,AdamW,0.0004217827674798842
4,110,0.009160578534944334,99.682,0.6189077369868755,89.83,AdamW,0.00041403544986029484
4,111,0.009445308540752918,99.666,0.6146825541555881,89.83,AdamW,0.0004063093427071374
4,112,0.00812504592665521,99.736,0.6157614322006703,89.83,AdamW,0.00039860635232174353
4,113,0.008115664987877719,99.708,0.614331516623497,89.83,AdamW,0.0003909283793017286
4,114,0.007606102233545912,99.762,0.6312110671401023,89.83,AdamW,0.000383277318072047
4,115,0.00788688116087115,99.694,0.638904086574912,89.83,AdamW,0.00037565505641757235
4,116,0.008644819415705421,99.708,0.6311421906948089,89.83,AdamW,0.0003680634750173133
4,117,0.007272711033043119,99.74,0.6460592660307884,89.83,AdamW,0.00036050444698038515
4,118,0.006849978735141233,99.756,0.6189705121517182,90.02,AdamW,0.0003529798373838478
4,119,0.008333316388806062,99.726,0.6080699065327644,90.03,AdamW,0.0003454915028125262
4,120,0.006299284980982799,99.798,0.6045401325821876,90.04,AdamW,0.00033804129090092506
4,121,0.00473873251405389,99.842,0.5940400134027004,90.07,AdamW,0.0003306310398773541
4,122,0.005212415743959095,99.844,0.6132218962907792,90.3,AdamW,0.00032326257811037126
4,123,0.00640362524984307,99.776,0.6165587122738362,90.3,AdamW,0.0003159377236576609
4,124,0.005318028786247424,99.822,0.623394485861063,90.3,AdamW,0.000308658283817455
4,125,0.005074225218034984,99.822,0.6163015839457512,90.3,AdamW,0.0003014260546826094
4,126,0.007600043124275358,99.75,0.6311642652750016,90.3,AdamW,0.0002942428206974454
4,127,0.0053999185200489,99.816,0.6177549098432064,90.3,AdamW,0.00028711035421746345
4,128,0.0039449318426853335,99.844,0.6277595487236977,90.3,AdamW,0.0002800304150720422
4,129,0.004348649939485619,99.862,0.638236024081707,90.3,AdamW,0.0002730047501302264
4,130,0.0030628344999610946,99.91,0.6331041795015335,90.3,AdamW,0.0002660350928697132
4,131,0.004698459250996203,99.844,0.6474530233442783,90.3,AdamW,0.0002591231629491421
4,132,0.004818321987711117,99.822,0.6382795665413141,90.3,AdamW,0.00025227066578379596
4,133,0.004693248431141576,99.83,0.6386015625298023,90.3,AdamW,0.0002454792921248141
4,134,0.003198474358010126,99.908,0.6704538187384605,90.3,AdamW,0.00023875071764202534
4,135,0.0036061908974112824,99.88,0.6391045078635216,90.3,AdamW,0.0002320866025105013
4,136,0.0032415382458789188,99.896,0.6460411056876183,90.3,AdamW,0.0002254885910009338
4,137,0.003323609246726104,99.884,0.6374446420371532,90.3,AdamW,0.0002189583110739344
4,138,0.0036770189974457915,99.882,0.6441229686141015,90.3,AdamW,0.00021249737397836048
4,139,0.002684500192785612,99.916,0.64153135612607,90.3,AdamW,0.00020610737385376327
4,140,0.002584423410404938,99.898,0.6429816859960557,90.3,AdamW,0.00019978988733705783
4,141,0.0028006868235618695,99.92,0.6425802752375602,90.45,AdamW,0.00019354647317351147
4,142,0.0030184897031065292,99.898,0.6621194434911013,90.45,AdamW,0.00018737867183214719
4,143,0.003108678088934465,99.888,0.6591290464997291,90.45,AdamW,0.0001812880051256549
4,144,0.0025446330282647978,99.912,0.64116908878088,90.48,AdamW,0.00017527597583490801
4,145,0.0020840621308549573,99.93,0.6692736287415028,90.48,AdamW,0.00016934406733817395
4,146,0.002533840850604492,99.906,0.6580311487615108,90.48,AdamW,0.0001634937432451131
4,147,0.0017906186554051712,99.936,0.6423114621639252,90.65,AdamW,0.00015772644703565544
4,148,0.0016122284906041572,99.94,0.6321102325618267,90.65,AdamW,0.00015204360170384266
4,149,0.0009657876584873409,99.97,0.6456427052617073,90.69,AdamW,0.0001464466094067261
4,150,0.0013154618642490779,99.96,0.658006109148264,90.69,AdamW,0.00014093685111840547
4,151,0.0013272905488037748,99.96,0.6558802463114262,90.69,AdamW,0.00013551568628929414
4,152,0.000886679546869466,99.972,0.6591682778298855,90.69,AdamW,0.00013018445251069492
4,153,0.0014492052471941675,99.94,0.6761537627875804,90.69,AdamW,0.00012494446518477003
4,154,0.0014827016696539411,99.94,0.6758507987856865,90.69,AdamW,0.00011979701719998438
4,155,0.0013201828246054697,99.956,0.6626158846914768,90.69,AdamW,0.00011474337861210527
4,156,0.0007284250382001899,99.98,0.6715381440520286,90.69,AdamW,0.00010978479633083506
4,157,0.0007662020687613055,99.97,0.673027016222477,90.69,AdamW,0.00010492249381215464
4,158,0.0011562785953585996,99.966,0.6771952497959137,90.69,AdamW,0.00010015767075645457
4,159,0.000739220622470347,99.974,0.6860695949196816,90.69,AdamW,9.549150281252619e-05
4,160,0.0008945072106987296,99.97,0.6622321642935276,90.69,AdamW,9.092514128748822e-05
4,161,0.0005765871307667855,99.984,0.661033655256033,90.7,AdamW,8.645971286271902e-05
4,162,0.0010168048448636047,99.966,0.6814424839615821,90.7,AdamW,8.209631931586485e-05
4,163,0.000815503979212645,99.972,0.676840305775404,90.7,AdamW,7.783603724899246e-05
4,164,0.0006598135103428961,99.982,0.6841814026236535,90.7,AdamW,7.367991782295392e-05
4,165,0.00086587056661184,99.97,0.6845988403260708,90.7,AdamW,6.962898649802802e-05
4,166,0.0007599988292575253,99.978,0.679502640068531,90.7,AdamW,6.568424278090424e-05
4,167,0.0006322787419059219,99.976,0.672531159222126,90.9,AdamW,6.184665997806812e-05
4,168,0.0005960677386907747,99.978,0.6813927233219147,90.9,AdamW,5.811718495565318e-05
4,169,0.0004825679349614071,99.99,0.6761696611344814,90.9,AdamW,5.449673790581603e-05
4,170,0.0006590846607769074,99.976,0.6763904942572116,90.9,AdamW,5.098621211969216e-05
4,171,0.0005338860255575611,99.98,0.6801540313661099,90.9,AdamW,4.7586473766990253e-05
4,172,0.00041456460412020105,99.986,0.6781513641774655,90.9,AdamW,4.4298361682277405e-05
4,173,0.00035119170521789894,99.986,0.6773093140125275,90.9,AdamW,4.1122687158009486e-05
4,174,0.00038082257092889206,99.988,0.6749948781728744,90.9,AdamW,3.8060233744356686e-05
4,175,0.0003042903663775141,99.992,0.6812316624820233,90.9,AdamW,3.511175705587427e-05
4,176,0.000302310502156682,99.994,0.6803532573580742,90.9,AdamW,3.2277984585066264e-05
4,177,0.0005729405281773343,99.978,0.6839906266331672,90.9,AdamW,2.955961552288723e-05
4,178,0.0003115495367429545,99.994,0.6796383085846901,90.9,AdamW,2.6957320586227313e-05
4,179,0.0002973073549750545,99.992,0.6845170155167579,90.9,AdamW,2.44717418524232e-05
4,180,0.00037659469331223635,99.988,0.6795268999040127,90.9,AdamW,2.210349260083491e-05
4,181,0.00031204555785869126,99.992,0.6780723623931408,90.9,AdamW,1.9853157161528496e-05
4,182,0.0002659105989092653,99.994,0.6769238270819187,90.9,AdamW,1.7721290771100992e-05
4,183,0.0002077533740842283,99.992,0.6779566068947315,90.91,AdamW,1.5708419435684497e-05
4,184,0.00033540672790059874,99.992,0.6742385889589787,90.91,AdamW,1.3815039801161704e-05
4,185,0.00044649631987933195,99.988,0.67605748295784,90.91,AdamW,1.2041619030626323e-05
4,186,0.00022475294940182738,99.992,0.6780338151752949,90.91,AdamW,1.0388594689117057e-05
4,187,0.0002110703763752419,99.994,0.6802993489801884,90.91,AdamW,8.856374635655629e-06
4,188,0.0002990213462066656,99.99,0.6773376047611237,90.91,AdamW,7.445336922613057e-06
4,189,0.00018205972384704666,99.994,0.676918328255415,90.91,AdamW,6.155829702431163e-06
4,190,0.00013530822486839552,99.998,0.6769509643316269,90.91,AdamW,4.988171141721226e-06
4,191,0.00023164520955131648,99.992,0.6778980350494385,90.93,AdamW,3.942649342761113e-06
4,192,0.00044497037858557363,99.99,0.67732670545578,90.93,AdamW,3.0195222724101985e-06
4,193,0.00019237823428185568,99.992,0.6808100719749928,90.93,AdamW,2.219017698459999e-06
4,194,0.00011818547648844361,99.998,0.6787628570199012,90.93,AdamW,1.5413331334360161e-06
4,195,0.0002504844371008621,99.994,0.6786513040959835,90.93,AdamW,9.866357858642194e-07
4,196,0.00012496710594312352,99.996,0.6793781238794326,90.93,AdamW,5.550625190150475e-07
4,197,0.0001977030095151305,99.994,0.6773334012925625,90.93,AdamW,2.4671981713419966e-07
4,198,0.00016990475363662212,99.998,0.6781431806087493,90.93,AdamW,6.168375916970607e-08
4,199,0.00026482409897539725,99.992,0.6784557509422302,90.93,AdamW,0.0
